This is pdfTeX, Version 3.141592653-2.6-1.40.25 (TeX Live 2023) (preloaded format=pdflatex 2025.11.2)  27 NOV 2025 09:03
entering extended mode
 \write18 enabled.
 %&-line parsing enabled.
**PCC_ECA_2026.tex
(./PCC_ECA_2026.tex
LaTeX2e <2022-11-01> patch level 1
L3 programming layer <2023-02-22>
(/usr/share/texlive/texmf-dist/tex/latex/paper/paper.cls
Document Class: paper 2008/05/30 1.0l LaTeX document class (wm).
\hours=\count185
\minutes=\count186
(/usr/share/texlive/texmf-dist/tex/latex/base/size10.clo
File: size10.clo 2022/07/02 v1.4n Standard LaTeX file (size option)
)
\beforetitlespace=\skip48
\c@part=\count187
\c@section=\count188
\c@subsection=\count189
\c@subsubsection=\count190
\c@paragraph=\count191
\c@subparagraph=\count192
\exampleindent=\skip49
\c@figure=\count193
\c@table=\count194
\abovecaptionskip=\skip50
\belowcaptionskip=\skip51
\bibindent=\dimen140
) (./lib/ppc_utf8.sty
(/usr/share/texlive/texmf-dist/tex/latex/base/inputenc.sty
Package: inputenc 2021/02/14 v1.3d Input encoding file
\inpenc@prehook=\toks16
\inpenc@posthook=\toks17
)
(/usr/share/texlive/texmf-dist/tex/latex/base/fontenc.sty
Package: fontenc 2021/04/29 v2.0v Standard LaTeX package
)
(/usr/share/texlive/texmf-dist/tex/generic/babel/babel.sty
Package: babel 2023/02/13 3.86 The Babel package
\babel@savecnt=\count195
\U@D=\dimen141
\l@unhyphenated=\language85

(/usr/share/texlive/texmf-dist/tex/generic/babel/txtbabel.def)
\bbl@readstream=\read2
\bbl@dirlevel=\count196

(/usr/share/texlive/texmf-dist/tex/generic/babel-portuges/portuguese.ldf
Language: portuges 2021/07/09 v1.2t Portuguese support from the babel system
Package babel Info: Making " an active character on input line 143.
))
(/usr/share/texlive/texmf-dist/tex/generic/babel/locale/pt/babel-portuguese.tex
Package babel Info: Importing font and identification data for portuguese
(babel)             from babel-pt.ini. Reported on input line 11.
) (/usr/share/texlive/texmf-dist/tex/latex/amsmath/amsmath.sty
Package: amsmath 2022/04/08 v2.17n AMS math features
\@mathmargin=\skip52

For additional information on amsmath, use the `?' option.
(/usr/share/texlive/texmf-dist/tex/latex/amsmath/amstext.sty
Package: amstext 2021/08/26 v2.01 AMS text

(/usr/share/texlive/texmf-dist/tex/latex/amsmath/amsgen.sty
File: amsgen.sty 1999/11/30 v2.0 generic functions
\@emptytoks=\toks18
\ex@=\dimen142
))
(/usr/share/texlive/texmf-dist/tex/latex/amsmath/amsbsy.sty
Package: amsbsy 1999/11/29 v1.2d Bold Symbols
\pmbraise@=\dimen143
)
(/usr/share/texlive/texmf-dist/tex/latex/amsmath/amsopn.sty
Package: amsopn 2022/04/08 v2.04 operator names
)
\inf@bad=\count197
LaTeX Info: Redefining \frac on input line 234.
\uproot@=\count198
\leftroot@=\count199
LaTeX Info: Redefining \overline on input line 399.
LaTeX Info: Redefining \colon on input line 410.
\classnum@=\count266
\DOTSCASE@=\count267
LaTeX Info: Redefining \ldots on input line 496.
LaTeX Info: Redefining \dots on input line 499.
LaTeX Info: Redefining \cdots on input line 620.
\Mathstrutbox@=\box51
\strutbox@=\box52
LaTeX Info: Redefining \big on input line 722.
LaTeX Info: Redefining \Big on input line 723.
LaTeX Info: Redefining \bigg on input line 724.
LaTeX Info: Redefining \Bigg on input line 725.
\big@size=\dimen144
LaTeX Font Info:    Redeclaring font encoding OML on input line 743.
LaTeX Font Info:    Redeclaring font encoding OMS on input line 744.
\macc@depth=\count268
LaTeX Info: Redefining \bmod on input line 905.
LaTeX Info: Redefining \pmod on input line 910.
LaTeX Info: Redefining \smash on input line 940.
LaTeX Info: Redefining \relbar on input line 970.
LaTeX Info: Redefining \Relbar on input line 971.
\c@MaxMatrixCols=\count269
\dotsspace@=\muskip16
\c@parentequation=\count270
\dspbrk@lvl=\count271
\tag@help=\toks19
\row@=\count272
\column@=\count273
\maxfields@=\count274
\andhelp@=\toks20
\eqnshift@=\dimen145
\alignsep@=\dimen146
\tagshift@=\dimen147
\tagwidth@=\dimen148
\totwidth@=\dimen149
\lineht@=\dimen150
\@envbody=\toks21
\multlinegap=\skip53
\multlinetaggap=\skip54
\mathdisplay@stack=\toks22
LaTeX Info: Redefining \[ on input line 2953.
LaTeX Info: Redefining \] on input line 2954.
)
(/usr/share/texlive/texmf-dist/tex/latex/amsfonts/amssymb.sty
Package: amssymb 2013/01/14 v3.01 AMS font symbols

(/usr/share/texlive/texmf-dist/tex/latex/amsfonts/amsfonts.sty
Package: amsfonts 2013/01/14 v3.01 Basic AMSFonts support
\symAMSa=\mathgroup4
\symAMSb=\mathgroup5
LaTeX Font Info:    Redeclaring math symbol \hbar on input line 98.
LaTeX Font Info:    Overwriting math alphabet `\mathfrak' in version `bold'
(Font)                  U/euf/m/n --> U/euf/b/n on input line 106.
))
(/usr/share/texlive/texmf-dist/tex/latex/base/textcomp.sty
Package: textcomp 2020/02/02 v2.0n Standard LaTeX package
)
(/usr/share/texlive/texmf-dist/tex/latex/tipa/tipa.sty
Package: tipa 2002/08/08 TIPA version 1.1

(/usr/share/texlive/texmf-dist/tex/latex/base/fontenc.sty
Package: fontenc 2021/04/29 v2.0v Standard LaTeX package

(/usr/share/texlive/texmf-dist/tex/latex/tipa/t3enc.def
File: t3enc.def 2001/12/31 T3 encoding
Now handling font encoding T3 ...
... no UTF-8 mapping file for font encoding T3
LaTeX Font Info:    Trying to load font information for T1+cmss on input line 3
57.

(/usr/share/texlive/texmf-dist/tex/latex/base/t1cmss.fd
File: t1cmss.fd 2022/07/10 v2.5l Standard LaTeX font definitions
))))
(/usr/share/texlive/texmf-dist/tex/latex/tipa/tipx.sty
Package: tipx 2003/01/01 TIPX version 1.2
)
(/usr/share/texlive/texmf-dist/tex/latex/wasysym/wasysym.sty
Package: wasysym 2020/01/19 v2.4 Wasy-2 symbol support package
\symwasy=\mathgroup6
LaTeX Font Info:    Overwriting symbol font `wasy' in version `bold'
(Font)                  U/wasy/m/n --> U/wasy/b/n on input line 93.
)
(/usr/share/texlive/texmf-dist/tex/latex/eurosym/eurosym.sty
Package: eurosym 1998/08/06 v1.1 European currency symbol ``Euro''
\@eurobox=\box53
)
(/usr/share/texlive/texmf-dist/tex/latex/geometry/geometry.sty
Package: geometry 2020/01/02 v5.9 Page Geometry

(/usr/share/texlive/texmf-dist/tex/latex/graphics/keyval.sty
Package: keyval 2022/05/29 v1.15 key=value parser (DPC)
\KV@toks@=\toks23
)
(/usr/share/texlive/texmf-dist/tex/generic/iftex/ifvtex.sty
Package: ifvtex 2019/10/25 v1.7 ifvtex legacy package. Use iftex instead.

(/usr/share/texlive/texmf-dist/tex/generic/iftex/iftex.sty
Package: iftex 2022/02/03 v1.0f TeX engine tests
))
\Gm@cnth=\count275
\Gm@cntv=\count276
\c@Gm@tempcnt=\count277
\Gm@bindingoffset=\dimen151
\Gm@wd@mp=\dimen152
\Gm@odd@mp=\dimen153
\Gm@even@mp=\dimen154
\Gm@layoutwidth=\dimen155
\Gm@layoutheight=\dimen156
\Gm@layouthoffset=\dimen157
\Gm@layoutvoffset=\dimen158
\Gm@dimlist=\toks24
)
(/usr/share/texlive/texmf-dist/tex/latex/tools/array.sty
Package: array 2022/09/04 v2.5g Tabular extension package (FMi)
\col@sep=\dimen159
\ar@mcellbox=\box54
\extrarowheight=\dimen160
\NC@list=\toks25
\extratabsurround=\skip55
\backup@length=\skip56
\ar@cellbox=\box55
)
(/usr/share/texlive/texmf-dist/tex/latex/tools/hhline.sty
Package: hhline 2020/01/04 v2.04 Table rule package (DPC)
)
(/usr/share/texlive/texmf-dist/tex/latex/multirow/multirow.sty
Package: multirow 2021/03/15 v2.8 Span multiple rows of a table
\multirow@colwidth=\skip57
\multirow@cntb=\count278
\multirow@dima=\skip58
\bigstrutjot=\dimen161
)
(/usr/share/texlive/texmf-dist/tex/latex/tools/longtable.sty
Package: longtable 2021-09-01 v4.17 Multi-page Table package (DPC)
\LTleft=\skip59
\LTright=\skip60
\LTpre=\skip61
\LTpost=\skip62
\LTchunksize=\count279
\LTcapwidth=\dimen162
\LT@head=\box56
\LT@firsthead=\box57
\LT@foot=\box58
\LT@lastfoot=\box59
\LT@gbox=\box60
\LT@cols=\count280
\LT@rows=\count281
\c@LT@tables=\count282
\c@LT@chunks=\count283
\LT@p@ftn=\toks26
)
(/usr/share/texlive/texmf-dist/tex/latex/xcolor/xcolor.sty
Package: xcolor 2022/06/12 v2.14 LaTeX color extensions (UK)

(/usr/share/texlive/texmf-dist/tex/latex/graphics-cfg/color.cfg
File: color.cfg 2016/01/02 v1.6 sample color configuration
)
Package xcolor Info: Driver file: pdftex.def on input line 227.

(/usr/share/texlive/texmf-dist/tex/latex/graphics-def/pdftex.def
File: pdftex.def 2022/09/22 v1.2b Graphics/color driver for pdftex
)
(/usr/share/texlive/texmf-dist/tex/latex/graphics/mathcolor.ltx)
Package xcolor Info: Model `cmy' substituted by `cmy0' on input line 1353.
Package xcolor Info: Model `hsb' substituted by `rgb' on input line 1357.
Package xcolor Info: Model `RGB' extended on input line 1369.
Package xcolor Info: Model `HTML' substituted by `rgb' on input line 1371.
Package xcolor Info: Model `Hsb' substituted by `hsb' on input line 1372.
Package xcolor Info: Model `tHsb' substituted by `hsb' on input line 1373.
Package xcolor Info: Model `HSB' substituted by `hsb' on input line 1374.
Package xcolor Info: Model `Gray' substituted by `gray' on input line 1375.
Package xcolor Info: Model `wave' substituted by `hsb' on input line 1376.
)
(/usr/share/texlive/texmf-dist/tex/latex/colortbl/colortbl.sty
Package: colortbl 2022/06/20 v1.0f Color table columns (DPC)
\everycr=\toks27
\minrowclearance=\skip63
\rownum=\count284
)
(/usr/share/texlive/texmf-dist/tex/latex/setspace/setspace.sty
Package: setspace 2022/12/04 v6.7b set line spacing
)
(/usr/share/texlive/texmf-dist/tex/latex/tools/indentfirst.sty
Package: indentfirst 1995/11/23 v1.03 Indent first paragraph (DPC)
)
(/usr/share/texlive/texmf-dist/tex/latex/changepage/changepage.sty
Package: changepage 2009/10/20 v1.0c check page and change page layout
\c@cp@cntr=\count285
\cp@tempcnt=\count286
)
(/usr/share/texlive/texmf-dist/tex/latex/enumitem/enumitem.sty
Package: enumitem 2019/06/20 v3.9 Customized lists
\labelindent=\skip64
\enit@outerparindent=\dimen163
\enit@toks=\toks28
\enit@inbox=\box61
\enit@count@id=\count287
\enitdp@description=\count288
)
(/usr/share/texlive/texmf-dist/tex/latex/tocloft/tocloft.sty
Package: tocloft 2017/08/31 v2.3i parameterised ToC, etc., typesetting
Package tocloft Info: The document has section divisions on input line 51.
\cftparskip=\skip65
\cftbeforetoctitleskip=\skip66
\cftaftertoctitleskip=\skip67
\cftbeforepartskip=\skip68
\cftpartnumwidth=\skip69
\cftpartindent=\skip70
\cftbeforesecskip=\skip71
\cftsecindent=\skip72
\cftsecnumwidth=\skip73
\cftbeforesubsecskip=\skip74
\cftsubsecindent=\skip75
\cftsubsecnumwidth=\skip76
\cftbeforesubsubsecskip=\skip77
\cftsubsubsecindent=\skip78
\cftsubsubsecnumwidth=\skip79
\cftbeforeparaskip=\skip80
\cftparaindent=\skip81
\cftparanumwidth=\skip82
\cftbeforesubparaskip=\skip83
\cftsubparaindent=\skip84
\cftsubparanumwidth=\skip85
\cftbeforeloftitleskip=\skip86
\cftafterloftitleskip=\skip87
\cftbeforefigskip=\skip88
\cftfigindent=\skip89
\cftfignumwidth=\skip90
\c@lofdepth=\count289
\c@lotdepth=\count290
\cftbeforelottitleskip=\skip91
\cftafterlottitleskip=\skip92
\cftbeforetabskip=\skip93
\cfttabindent=\skip94
\cfttabnumwidth=\skip95
)
(/usr/share/texlive/texmf-dist/tex/latex/tools/afterpage.sty
Package: afterpage 2014/10/28 v1.08 After-Page Package (DPC)
\AP@output=\toks29
\AP@partial=\box62
\AP@footins=\box63
)
(/usr/share/texlive/texmf-dist/tex/latex/graphics/graphicx.sty
Package: graphicx 2021/09/16 v1.2d Enhanced LaTeX Graphics (DPC,SPQR)

(/usr/share/texlive/texmf-dist/tex/latex/graphics/graphics.sty
Package: graphics 2022/03/10 v1.4e Standard LaTeX Graphics (DPC,SPQR)

(/usr/share/texlive/texmf-dist/tex/latex/graphics/trig.sty
Package: trig 2021/08/11 v1.11 sin cos tan (DPC)
)
(/usr/share/texlive/texmf-dist/tex/latex/graphics-cfg/graphics.cfg
File: graphics.cfg 2016/06/04 v1.11 sample graphics configuration
)
Package graphics Info: Driver file: pdftex.def on input line 107.
)
\Gin@req@height=\dimen164
\Gin@req@width=\dimen165
)
(/usr/share/texlive/texmf-dist/tex/latex/pdflscape/pdflscape.sty
Package: pdflscape 2022-10-27 v0.13 Display of landscape pages in PDF

(/usr/share/texlive/texmf-dist/tex/latex/pdflscape/pdflscape-nometadata.sty
Package: pdflscape-nometadata 2022-10-28 v0.13 Display of landscape pages in PD
F (HO)

(/usr/share/texlive/texmf-dist/tex/latex/graphics/lscape.sty
Package: lscape 2020/05/28 v3.02 Landscape Pages (DPC)
)
Package pdflscape Info: Auto-detected driver: pdftex on input line 81.
))
(/usr/share/texlive/texmf-dist/tex/latex/pdfpages/pdfpages.sty
Package: pdfpages 2022/12/19 v0.5x Insert pages of external PDF documents (AM)

(/usr/share/texlive/texmf-dist/tex/latex/base/ifthen.sty
Package: ifthen 2022/04/13 v1.1d Standard LaTeX ifthen package (DPC)
)
(/usr/share/texlive/texmf-dist/tex/latex/tools/calc.sty
Package: calc 2017/05/25 v4.3 Infix arithmetic (KKT,FJ)
\calc@Acount=\count291
\calc@Bcount=\count292
\calc@Adimen=\dimen166
\calc@Bdimen=\dimen167
\calc@Askip=\skip96
\calc@Bskip=\skip97
LaTeX Info: Redefining \setlength on input line 80.
LaTeX Info: Redefining \addtolength on input line 81.
\calc@Ccount=\count293
\calc@Cskip=\skip98
)
(/usr/share/texlive/texmf-dist/tex/latex/eso-pic/eso-pic.sty
Package: eso-pic 2020/10/14 v3.0a eso-pic (RN)
\ESO@tempdima=\dimen168
\ESO@tempdimb=\dimen169
)
\AM@pagewidth=\dimen170
\AM@pageheight=\dimen171
\AM@fboxrule=\dimen172

(/usr/share/texlive/texmf-dist/tex/latex/pdfpages/pppdftex.def
File: pppdftex.def 2022/12/19 v0.5x Pdfpages driver for pdfTeX (AM)
)
\pdfpages@includegraphics@status=\count294
\AM@pagebox=\box64
\AM@global@opts=\toks30
\AM@pagecnt=\count295
\AM@toc@title=\toks31
\AM@lof@heading=\toks32
\c@AM@survey=\count296
\AM@templatesizebox=\box65
)
(/usr/share/texlive/texmf-dist/tex/latex/pgf/frontendlayer/tikz.sty
(/usr/share/texlive/texmf-dist/tex/latex/pgf/basiclayer/pgf.sty
(/usr/share/texlive/texmf-dist/tex/latex/pgf/utilities/pgfrcs.sty
(/usr/share/texlive/texmf-dist/tex/generic/pgf/utilities/pgfutil-common.tex
\pgfutil@everybye=\toks33
\pgfutil@tempdima=\dimen173
\pgfutil@tempdimb=\dimen174
)
(/usr/share/texlive/texmf-dist/tex/generic/pgf/utilities/pgfutil-latex.def
\pgfutil@abb=\box66
)
(/usr/share/texlive/texmf-dist/tex/generic/pgf/utilities/pgfrcs.code.tex
(/usr/share/texlive/texmf-dist/tex/generic/pgf/pgf.revision.tex)
Package: pgfrcs 2023-01-15 v3.1.10 (3.1.10)
))
Package: pgf 2023-01-15 v3.1.10 (3.1.10)

(/usr/share/texlive/texmf-dist/tex/latex/pgf/basiclayer/pgfcore.sty
(/usr/share/texlive/texmf-dist/tex/latex/pgf/systemlayer/pgfsys.sty
(/usr/share/texlive/texmf-dist/tex/generic/pgf/systemlayer/pgfsys.code.tex
Package: pgfsys 2023-01-15 v3.1.10 (3.1.10)

(/usr/share/texlive/texmf-dist/tex/generic/pgf/utilities/pgfkeys.code.tex
\pgfkeys@pathtoks=\toks34
\pgfkeys@temptoks=\toks35

(/usr/share/texlive/texmf-dist/tex/generic/pgf/utilities/pgfkeyslibraryfiltered
.code.tex
\pgfkeys@tmptoks=\toks36
))
\pgf@x=\dimen175
\pgf@y=\dimen176
\pgf@xa=\dimen177
\pgf@ya=\dimen178
\pgf@xb=\dimen179
\pgf@yb=\dimen180
\pgf@xc=\dimen181
\pgf@yc=\dimen182
\pgf@xd=\dimen183
\pgf@yd=\dimen184
\w@pgf@writea=\write3
\r@pgf@reada=\read3
\c@pgf@counta=\count297
\c@pgf@countb=\count298
\c@pgf@countc=\count299
\c@pgf@countd=\count300
\t@pgf@toka=\toks37
\t@pgf@tokb=\toks38
\t@pgf@tokc=\toks39
\pgf@sys@id@count=\count301
 (/usr/share/texlive/texmf-dist/tex/generic/pgf/systemlayer/pgf.cfg
File: pgf.cfg 2023-01-15 v3.1.10 (3.1.10)
)
Driver file for pgf: pgfsys-pdftex.def
(/usr/share/texlive/texmf-dist/tex/generic/pgf/systemlayer/pgfsys-pdftex.def
File: pgfsys-pdftex.def 2023-01-15 v3.1.10 (3.1.10)

(/usr/share/texlive/texmf-dist/tex/generic/pgf/systemlayer/pgfsys-common-pdf.de
f
File: pgfsys-common-pdf.def 2023-01-15 v3.1.10 (3.1.10)
)))
(/usr/share/texlive/texmf-dist/tex/generic/pgf/systemlayer/pgfsyssoftpath.code.
tex
File: pgfsyssoftpath.code.tex 2023-01-15 v3.1.10 (3.1.10)
\pgfsyssoftpath@smallbuffer@items=\count302
\pgfsyssoftpath@bigbuffer@items=\count303
)
(/usr/share/texlive/texmf-dist/tex/generic/pgf/systemlayer/pgfsysprotocol.code.
tex
File: pgfsysprotocol.code.tex 2023-01-15 v3.1.10 (3.1.10)
))
(/usr/share/texlive/texmf-dist/tex/generic/pgf/basiclayer/pgfcore.code.tex
Package: pgfcore 2023-01-15 v3.1.10 (3.1.10)

(/usr/share/texlive/texmf-dist/tex/generic/pgf/math/pgfmath.code.tex
(/usr/share/texlive/texmf-dist/tex/generic/pgf/math/pgfmathutil.code.tex)
(/usr/share/texlive/texmf-dist/tex/generic/pgf/math/pgfmathparser.code.tex
\pgfmath@dimen=\dimen185
\pgfmath@count=\count304
\pgfmath@box=\box67
\pgfmath@toks=\toks40
\pgfmath@stack@operand=\toks41
\pgfmath@stack@operation=\toks42
)
(/usr/share/texlive/texmf-dist/tex/generic/pgf/math/pgfmathfunctions.code.tex)
(/usr/share/texlive/texmf-dist/tex/generic/pgf/math/pgfmathfunctions.basic.code
.tex)
(/usr/share/texlive/texmf-dist/tex/generic/pgf/math/pgfmathfunctions.trigonomet
ric.code.tex)
(/usr/share/texlive/texmf-dist/tex/generic/pgf/math/pgfmathfunctions.random.cod
e.tex)
(/usr/share/texlive/texmf-dist/tex/generic/pgf/math/pgfmathfunctions.comparison
.code.tex)
(/usr/share/texlive/texmf-dist/tex/generic/pgf/math/pgfmathfunctions.base.code.
tex)
(/usr/share/texlive/texmf-dist/tex/generic/pgf/math/pgfmathfunctions.round.code
.tex)
(/usr/share/texlive/texmf-dist/tex/generic/pgf/math/pgfmathfunctions.misc.code.
tex)
(/usr/share/texlive/texmf-dist/tex/generic/pgf/math/pgfmathfunctions.integerari
thmetics.code.tex)
(/usr/share/texlive/texmf-dist/tex/generic/pgf/math/pgfmathcalc.code.tex)
(/usr/share/texlive/texmf-dist/tex/generic/pgf/math/pgfmathfloat.code.tex
\c@pgfmathroundto@lastzeros=\count305
))
(/usr/share/texlive/texmf-dist/tex/generic/pgf/math/pgfint.code.tex)
(/usr/share/texlive/texmf-dist/tex/generic/pgf/basiclayer/pgfcorepoints.code.te
x
File: pgfcorepoints.code.tex 2023-01-15 v3.1.10 (3.1.10)
\pgf@picminx=\dimen186
\pgf@picmaxx=\dimen187
\pgf@picminy=\dimen188
\pgf@picmaxy=\dimen189
\pgf@pathminx=\dimen190
\pgf@pathmaxx=\dimen191
\pgf@pathminy=\dimen192
\pgf@pathmaxy=\dimen193
\pgf@xx=\dimen194
\pgf@xy=\dimen195
\pgf@yx=\dimen196
\pgf@yy=\dimen197
\pgf@zx=\dimen198
\pgf@zy=\dimen199
)
(/usr/share/texlive/texmf-dist/tex/generic/pgf/basiclayer/pgfcorepathconstruct.
code.tex
File: pgfcorepathconstruct.code.tex 2023-01-15 v3.1.10 (3.1.10)
\pgf@path@lastx=\dimen256
\pgf@path@lasty=\dimen257
)
(/usr/share/texlive/texmf-dist/tex/generic/pgf/basiclayer/pgfcorepathusage.code
.tex
File: pgfcorepathusage.code.tex 2023-01-15 v3.1.10 (3.1.10)
\pgf@shorten@end@additional=\dimen258
\pgf@shorten@start@additional=\dimen259
)
(/usr/share/texlive/texmf-dist/tex/generic/pgf/basiclayer/pgfcorescopes.code.te
x
File: pgfcorescopes.code.tex 2023-01-15 v3.1.10 (3.1.10)
\pgfpic=\box68
\pgf@hbox=\box69
\pgf@layerbox@main=\box70
\pgf@picture@serial@count=\count306
)
(/usr/share/texlive/texmf-dist/tex/generic/pgf/basiclayer/pgfcoregraphicstate.c
ode.tex
File: pgfcoregraphicstate.code.tex 2023-01-15 v3.1.10 (3.1.10)
\pgflinewidth=\dimen260
)
(/usr/share/texlive/texmf-dist/tex/generic/pgf/basiclayer/pgfcoretransformation
s.code.tex
File: pgfcoretransformations.code.tex 2023-01-15 v3.1.10 (3.1.10)
\pgf@pt@x=\dimen261
\pgf@pt@y=\dimen262
\pgf@pt@temp=\dimen263
)
(/usr/share/texlive/texmf-dist/tex/generic/pgf/basiclayer/pgfcorequick.code.tex
File: pgfcorequick.code.tex 2023-01-15 v3.1.10 (3.1.10)
)
(/usr/share/texlive/texmf-dist/tex/generic/pgf/basiclayer/pgfcoreobjects.code.t
ex
File: pgfcoreobjects.code.tex 2023-01-15 v3.1.10 (3.1.10)
)
(/usr/share/texlive/texmf-dist/tex/generic/pgf/basiclayer/pgfcorepathprocessing
.code.tex
File: pgfcorepathprocessing.code.tex 2023-01-15 v3.1.10 (3.1.10)
)
(/usr/share/texlive/texmf-dist/tex/generic/pgf/basiclayer/pgfcorearrows.code.te
x
File: pgfcorearrows.code.tex 2023-01-15 v3.1.10 (3.1.10)
\pgfarrowsep=\dimen264
)
(/usr/share/texlive/texmf-dist/tex/generic/pgf/basiclayer/pgfcoreshade.code.tex
File: pgfcoreshade.code.tex 2023-01-15 v3.1.10 (3.1.10)
\pgf@max=\dimen265
\pgf@sys@shading@range@num=\count307
\pgf@shadingcount=\count308
)
(/usr/share/texlive/texmf-dist/tex/generic/pgf/basiclayer/pgfcoreimage.code.tex
File: pgfcoreimage.code.tex 2023-01-15 v3.1.10 (3.1.10)
)
(/usr/share/texlive/texmf-dist/tex/generic/pgf/basiclayer/pgfcoreexternal.code.
tex
File: pgfcoreexternal.code.tex 2023-01-15 v3.1.10 (3.1.10)
\pgfexternal@startupbox=\box71
)
(/usr/share/texlive/texmf-dist/tex/generic/pgf/basiclayer/pgfcorelayers.code.te
x
File: pgfcorelayers.code.tex 2023-01-15 v3.1.10 (3.1.10)
)
(/usr/share/texlive/texmf-dist/tex/generic/pgf/basiclayer/pgfcoretransparency.c
ode.tex
File: pgfcoretransparency.code.tex 2023-01-15 v3.1.10 (3.1.10)
)
(/usr/share/texlive/texmf-dist/tex/generic/pgf/basiclayer/pgfcorepatterns.code.
tex
File: pgfcorepatterns.code.tex 2023-01-15 v3.1.10 (3.1.10)
)
(/usr/share/texlive/texmf-dist/tex/generic/pgf/basiclayer/pgfcorerdf.code.tex
File: pgfcorerdf.code.tex 2023-01-15 v3.1.10 (3.1.10)
)))
(/usr/share/texlive/texmf-dist/tex/generic/pgf/modules/pgfmoduleshapes.code.tex
File: pgfmoduleshapes.code.tex 2023-01-15 v3.1.10 (3.1.10)
\pgfnodeparttextbox=\box72
) (/usr/share/texlive/texmf-dist/tex/generic/pgf/modules/pgfmoduleplot.code.tex
File: pgfmoduleplot.code.tex 2023-01-15 v3.1.10 (3.1.10)
)
(/usr/share/texlive/texmf-dist/tex/latex/pgf/compatibility/pgfcomp-version-0-65
.sty
Package: pgfcomp-version-0-65 2023-01-15 v3.1.10 (3.1.10)
\pgf@nodesepstart=\dimen266
\pgf@nodesepend=\dimen267
)
(/usr/share/texlive/texmf-dist/tex/latex/pgf/compatibility/pgfcomp-version-1-18
.sty
Package: pgfcomp-version-1-18 2023-01-15 v3.1.10 (3.1.10)
)) (/usr/share/texlive/texmf-dist/tex/latex/pgf/utilities/pgffor.sty
(/usr/share/texlive/texmf-dist/tex/latex/pgf/utilities/pgfkeys.sty
(/usr/share/texlive/texmf-dist/tex/generic/pgf/utilities/pgfkeys.code.tex))
(/usr/share/texlive/texmf-dist/tex/latex/pgf/math/pgfmath.sty
(/usr/share/texlive/texmf-dist/tex/generic/pgf/math/pgfmath.code.tex))
(/usr/share/texlive/texmf-dist/tex/generic/pgf/utilities/pgffor.code.tex
Package: pgffor 2023-01-15 v3.1.10 (3.1.10)
\pgffor@iter=\dimen268
\pgffor@skip=\dimen269
\pgffor@stack=\toks43
\pgffor@toks=\toks44
))
(/usr/share/texlive/texmf-dist/tex/generic/pgf/frontendlayer/tikz/tikz.code.tex
Package: tikz 2023-01-15 v3.1.10 (3.1.10)

(/usr/share/texlive/texmf-dist/tex/generic/pgf/libraries/pgflibraryplothandlers
.code.tex
File: pgflibraryplothandlers.code.tex 2023-01-15 v3.1.10 (3.1.10)
\pgf@plot@mark@count=\count309
\pgfplotmarksize=\dimen270
)
\tikz@lastx=\dimen271
\tikz@lasty=\dimen272
\tikz@lastxsaved=\dimen273
\tikz@lastysaved=\dimen274
\tikz@lastmovetox=\dimen275
\tikz@lastmovetoy=\dimen276
\tikzleveldistance=\dimen277
\tikzsiblingdistance=\dimen278
\tikz@figbox=\box73
\tikz@figbox@bg=\box74
\tikz@tempbox=\box75
\tikz@tempbox@bg=\box76
\tikztreelevel=\count310
\tikznumberofchildren=\count311
\tikznumberofcurrentchild=\count312
\tikz@fig@count=\count313

(/usr/share/texlive/texmf-dist/tex/generic/pgf/modules/pgfmodulematrix.code.tex
File: pgfmodulematrix.code.tex 2023-01-15 v3.1.10 (3.1.10)
\pgfmatrixcurrentrow=\count314
\pgfmatrixcurrentcolumn=\count315
\pgf@matrix@numberofcolumns=\count316
)
\tikz@expandcount=\count317

(/usr/share/texlive/texmf-dist/tex/generic/pgf/frontendlayer/tikz/libraries/tik
zlibrarytopaths.code.tex
File: tikzlibrarytopaths.code.tex 2023-01-15 v3.1.10 (3.1.10)
)))
(/usr/share/texlive/texmf-dist/tex/generic/pgf/frontendlayer/tikz/libraries/tik
zlibraryshapes.geometric.code.tex
File: tikzlibraryshapes.geometric.code.tex 2023-01-15 v3.1.10 (3.1.10)

(/usr/share/texlive/texmf-dist/tex/generic/pgf/libraries/shapes/pgflibraryshape
s.geometric.code.tex
File: pgflibraryshapes.geometric.code.tex 2023-01-15 v3.1.10 (3.1.10)
))
(/usr/share/texlive/texmf-dist/tex/generic/pgf/frontendlayer/tikz/libraries/tik
zlibrarypositioning.code.tex
File: tikzlibrarypositioning.code.tex 2023-01-15 v3.1.10 (3.1.10)
)
(/usr/share/texlive/texmf-dist/tex/generic/pgf/libraries/pgflibraryarrows.meta.
code.tex
File: pgflibraryarrows.meta.code.tex 2023-01-15 v3.1.10 (3.1.10)
\pgfarrowinset=\dimen279
\pgfarrowlength=\dimen280
\pgfarrowwidth=\dimen281
\pgfarrowlinewidth=\dimen282
)
(/usr/share/texlive/texmf-dist/tex/generic/pgf/frontendlayer/tikz/libraries/tik
zlibrarycalc.code.tex
File: tikzlibrarycalc.code.tex 2023-01-15 v3.1.10 (3.1.10)
)
(/usr/share/texlive/texmf-dist/tex/latex/hyperref/hyperref.sty
Package: hyperref 2023-02-07 v7.00v Hypertext links for LaTeX

(/usr/share/texlive/texmf-dist/tex/generic/ltxcmds/ltxcmds.sty
Package: ltxcmds 2020-05-10 v1.25 LaTeX kernel commands for general use (HO)
)
(/usr/share/texlive/texmf-dist/tex/generic/pdftexcmds/pdftexcmds.sty
Package: pdftexcmds 2020-06-27 v0.33 Utility functions of pdfTeX for LuaTeX (HO
)

(/usr/share/texlive/texmf-dist/tex/generic/infwarerr/infwarerr.sty
Package: infwarerr 2019/12/03 v1.5 Providing info/warning/error messages (HO)
)
Package pdftexcmds Info: \pdf@primitive is available.
Package pdftexcmds Info: \pdf@ifprimitive is available.
Package pdftexcmds Info: \pdfdraftmode found.
)
(/usr/share/texlive/texmf-dist/tex/latex/kvsetkeys/kvsetkeys.sty
Package: kvsetkeys 2022-10-05 v1.19 Key value parser (HO)
)
(/usr/share/texlive/texmf-dist/tex/generic/kvdefinekeys/kvdefinekeys.sty
Package: kvdefinekeys 2019-12-19 v1.6 Define keys (HO)
)
(/usr/share/texlive/texmf-dist/tex/generic/pdfescape/pdfescape.sty
Package: pdfescape 2019/12/09 v1.15 Implements pdfTeX's escape features (HO)
)
(/usr/share/texlive/texmf-dist/tex/latex/hycolor/hycolor.sty
Package: hycolor 2020-01-27 v1.10 Color options for hyperref/bookmark (HO)
)
(/usr/share/texlive/texmf-dist/tex/latex/letltxmacro/letltxmacro.sty
Package: letltxmacro 2019/12/03 v1.6 Let assignment for LaTeX macros (HO)
)
(/usr/share/texlive/texmf-dist/tex/latex/auxhook/auxhook.sty
Package: auxhook 2019-12-17 v1.6 Hooks for auxiliary files (HO)
)
(/usr/share/texlive/texmf-dist/tex/latex/hyperref/nameref.sty
Package: nameref 2022-05-17 v2.50 Cross-referencing by name of section

(/usr/share/texlive/texmf-dist/tex/latex/refcount/refcount.sty
Package: refcount 2019/12/15 v3.6 Data extraction from label references (HO)
)
(/usr/share/texlive/texmf-dist/tex/generic/gettitlestring/gettitlestring.sty
Package: gettitlestring 2019/12/15 v1.6 Cleanup title references (HO)

(/usr/share/texlive/texmf-dist/tex/latex/kvoptions/kvoptions.sty
Package: kvoptions 2022-06-15 v3.15 Key value format for package options (HO)
))
\c@section@level=\count318
)
\@linkdim=\dimen283
\Hy@linkcounter=\count319
\Hy@pagecounter=\count320

(/usr/share/texlive/texmf-dist/tex/latex/hyperref/pd1enc.def
File: pd1enc.def 2023-02-07 v7.00v Hyperref: PDFDocEncoding definition (HO)
Now handling font encoding PD1 ...
... no UTF-8 mapping file for font encoding PD1
)
(/usr/share/texlive/texmf-dist/tex/generic/intcalc/intcalc.sty
Package: intcalc 2019/12/15 v1.3 Expandable calculations with integers (HO)
)
(/usr/share/texlive/texmf-dist/tex/generic/etexcmds/etexcmds.sty
Package: etexcmds 2019/12/15 v1.7 Avoid name clashes with e-TeX commands (HO)
)
\Hy@SavedSpaceFactor=\count321

(/usr/share/texlive/texmf-dist/tex/latex/hyperref/puenc.def
File: puenc.def 2023-02-07 v7.00v Hyperref: PDF Unicode definition (HO)
Now handling font encoding PU ...
... no UTF-8 mapping file for font encoding PU
)
Package hyperref Info: Hyper figures OFF on input line 4177.
Package hyperref Info: Link nesting OFF on input line 4182.
Package hyperref Info: Hyper index ON on input line 4185.
Package hyperref Info: Plain pages OFF on input line 4192.
Package hyperref Info: Backreferencing OFF on input line 4197.
Package hyperref Info: Implicit mode ON; LaTeX internals redefined.
Package hyperref Info: Bookmarks ON on input line 4425.
\c@Hy@tempcnt=\count322

(/usr/share/texlive/texmf-dist/tex/latex/url/url.sty
\Urlmuskip=\muskip17
Package: url 2013/09/16  ver 3.4  Verb mode for urls, etc.
)
LaTeX Info: Redefining \url on input line 4763.
\XeTeXLinkMargin=\dimen284

(/usr/share/texlive/texmf-dist/tex/generic/bitset/bitset.sty
Package: bitset 2019/12/09 v1.3 Handle bit-vector datatype (HO)

(/usr/share/texlive/texmf-dist/tex/generic/bigintcalc/bigintcalc.sty
Package: bigintcalc 2019/12/15 v1.5 Expandable calculations on big integers (HO
)
))
\Fld@menulength=\count323
\Field@Width=\dimen285
\Fld@charsize=\dimen286
Package hyperref Info: Hyper figures OFF on input line 6042.
Package hyperref Info: Link nesting OFF on input line 6047.
Package hyperref Info: Hyper index ON on input line 6050.
Package hyperref Info: backreferencing OFF on input line 6057.
Package hyperref Info: Link coloring OFF on input line 6062.
Package hyperref Info: Link coloring with OCG OFF on input line 6067.
Package hyperref Info: PDF/A mode OFF on input line 6072.

(/usr/share/texlive/texmf-dist/tex/latex/base/atbegshi-ltx.sty
Package: atbegshi-ltx 2021/01/10 v1.0c Emulation of the original atbegshi
package with kernel methods
)
\Hy@abspage=\count324
\c@Item=\count325
\c@Hfootnote=\count326
)
Package hyperref Info: Driver (autodetected): hpdftex.

(/usr/share/texlive/texmf-dist/tex/latex/hyperref/hpdftex.def
File: hpdftex.def 2023-02-07 v7.00v Hyperref driver for pdfTeX

(/usr/share/texlive/texmf-dist/tex/latex/base/atveryend-ltx.sty
Package: atveryend-ltx 2020/08/19 v1.0a Emulation of the original atveryend pac
kage
with kernel methods
)
\Fld@listcount=\count327
\c@bookmark@seq@number=\count328

(/usr/share/texlive/texmf-dist/tex/latex/rerunfilecheck/rerunfilecheck.sty
Package: rerunfilecheck 2022-07-10 v1.10 Rerun checks for auxiliary files (HO)

(/usr/share/texlive/texmf-dist/tex/generic/uniquecounter/uniquecounter.sty
Package: uniquecounter 2019/12/15 v1.4 Provide unlimited unique counter (HO)
)
Package uniquecounter Info: New unique counter `rerunfilecheck' on input line 2
85.
)
\Hy@SectionHShift=\skip99
)
Package hyperref Info: Option `colorlinks' set `true' on input line 52.

(/usr/share/texlive/texmf-dist/tex/latex/abntex2/abntex2cite.sty
Package: abntex2cite 2018/11/24 v-1.9.7 abnTeX2

(/usr/share/texlive/texmf-dist/tex/latex/abntex2/abntex2abrev.sty)
\minimumbiblabelwidth=\skip100
\ABCIauxlen=\skip101
\c@ABCIaux=\count329
\c@ABCImax=\count330

(/usr/share/texlive/texmf-dist/tex/generic/iftex/ifpdf.sty
Package: ifpdf 2019/10/25 v3.4 ifpdf legacy package. Use iftex instead.
)
(/usr/share/texlive/texmf-dist/tex/generic/iftex/ifxetex.sty
Package: ifxetex 2019/10/25 v0.7 ifxetex legacy package. Use iftex instead.
)
(/usr/share/texlive/texmf-dist/tex/latex/relsize/relsize.sty
Package: relsize 2013/03/29 ver 4.1
)
\biblabelsep=\skip102
LaTeX Info: Redefining \newblock on input line 591.
LaTeX Info: Redefining \cite on input line 618.
\ABCItoken=\toks45
)
(/usr/share/texlive/texmf-dist/tex/generic/ulem/ulem.sty
\UL@box=\box77
\UL@hyphenbox=\box78
\UL@skip=\skip103
\UL@hook=\toks46
\UL@height=\dimen287
\UL@pe=\count331
\UL@pixel=\dimen288
\ULC@box=\box79
Package: ulem 2019/11/18
\ULdepth=\dimen289
)
(/usr/share/texlive/texmf-dist/tex/latex/tools/xspace.sty
Package: xspace 2014/10/28 v1.13 Space after command names (DPC,MH)
)
(/usr/share/texlive/texmf-dist/tex/latex/psnfss/pifont.sty
Package: pifont 2020/03/25 PSNFSS-v9.3 Pi font support (SPQR) 
LaTeX Font Info:    Trying to load font information for U+pzd on input line 63.


(/usr/share/texlive/texmf-dist/tex/latex/psnfss/upzd.fd
File: upzd.fd 2001/06/04 font definitions for U/pzd.
)
LaTeX Font Info:    Trying to load font information for U+psy on input line 64.


(/usr/share/texlive/texmf-dist/tex/latex/psnfss/upsy.fd
File: upsy.fd 2001/06/04 font definitions for U/psy.
))
(/usr/share/texlive/texmf-dist/tex/latex/fancyhdr/fancyhdr.sty
Package: fancyhdr 2022/11/09 v4.1 Extensive control of page headers and footers

\f@nch@headwidth=\skip104
\f@nch@O@elh=\skip105
\f@nch@O@erh=\skip106
\f@nch@O@olh=\skip107
\f@nch@O@orh=\skip108
\f@nch@O@elf=\skip109
\f@nch@O@erf=\skip110
\f@nch@O@olf=\skip111
\f@nch@O@orf=\skip112
)
(/usr/share/texlive/texmf-dist/tex/latex/datetime/datetime.sty
Package: datetime 2015/03/20 v2.60 Date Time Package

(/usr/share/texlive/texmf-dist/tex/latex/etoolbox/etoolbox.sty
Package: etoolbox 2020/10/05 v2.5k e-TeX tools for LaTeX (JAW)
\etb@tempcnta=\count332
)
(/usr/share/texlive/texmf-dist/tex/latex/fmtcount/fmtcount.sty
Package: fmtcount 2020/01/30 v3.07

(/usr/share/texlive/texmf-dist/tex/latex/xkeyval/xkeyval.sty
Package: xkeyval 2022/06/16 v2.9 package option processing (HA)

(/usr/share/texlive/texmf-dist/tex/generic/xkeyval/xkeyval.tex
(/usr/share/texlive/texmf-dist/tex/generic/xkeyval/xkvutils.tex
\XKV@toks=\toks47
\XKV@tempa@toks=\toks48
)
\XKV@depth=\count333
File: xkeyval.tex 2014/12/03 v2.7a key=value parser (HA)
))
(/usr/share/texlive/texmf-dist/tex/latex/fmtcount/fcprefix.sty
Package: fcprefix 2012/09/28

(/usr/share/texlive/texmf-dist/tex/latex/fmtcount/fcnumparser.sty
Package: fcnumparser 2017/06/15
\fc@digit@counter=\count334
))
\c@padzeroesN=\count335
\fc@tmpcatcode=\count336

(/usr/share/texlive/texmf-dist/tex/latex/fmtcount/fc-portuges.def
File: fc-portuges.def 2017/12/26
)
\@DT@modctr=\count337
\@ordinalctr=\count338
\@orgargctr=\count339
\@strctr=\count340
\@tmpstrctr=\count341
\@DT@loopN=\count342
\@DT@X=\count343
)
(/usr/share/texlive/texmf-dist/tex/latex/datetime/datetime-defaults.sty
Package: datetime-defaults 2013/09/10
)
\@day=\count344
\@month=\count345
\@year=\count346
\c@HOUR=\count347
\c@HOURXII=\count348
\c@MINUTE=\count349
\c@TOHOUR=\count350
\c@TOMINUTE=\count351
\c@SECOND=\count352
\currenthour=\count353
\currentminute=\count354
\currentsecond=\count355
Package datetime Info: No datetime.cfg file found, using default settings on in
put line 308.
\@dtctr=\count356
\dayofyear=\count357
\dayofweek=\count358
LaTeX Info: Redefining \today on input line 736.
\dt@a=\toks49
\dt@b=\toks50
)
(/usr/share/texlive/texmf-dist/tex/latex/todonotes/todonotes.sty
Package: todonotes 2023/01/31 v1.1.6 Todonotes source and documentation.
Package: todonotes 2023/01/31
\c@@todonotes@numberoftodonotes=\count359
)
(/usr/share/texlive/texmf-dist/tex/latex/caption/caption.sty
Package: caption 2023/03/12 v3.6j Customizing captions (AR)

(/usr/share/texlive/texmf-dist/tex/latex/caption/caption3.sty
Package: caption3 2023/03/12 v2.4 caption3 kernel (AR)
\caption@tempdima=\dimen290
\captionmargin=\dimen291
\caption@leftmargin=\dimen292
\caption@rightmargin=\dimen293
\caption@width=\dimen294
\caption@indent=\dimen295
\caption@parindent=\dimen296
\caption@hangindent=\dimen297
Package caption Info: thesis document class detected.

(/usr/share/texlive/texmf-dist/tex/latex/caption/caption-thesis.sto
File: caption-thesis.sto 2020/08/22 v2.0 Adaption of the caption package to the
 thesis document class (AR)
))
\c@caption@flags=\count360
\c@continuedfloat=\count361
Package caption Info: changepage package is loaded.
\caption@adjustwidth@hsize=\dimen298
\caption@adjustwidth@linewidth=\dimen299
Package caption Info: hyperref package is loaded.
Package caption Info: longtable package is loaded.

(/usr/share/texlive/texmf-dist/tex/latex/caption/ltcaption.sty
Package: ltcaption 2021/01/08 v1.4c longtable captions (AR)
))
\c@rowno=\count362
)
(./lib/preambuloPPCIFCE.tex (./lib/PPC-ECAConfig.tex)) (./lib/ComandosTags.tex)
(/usr/share/texlive/texmf-dist/tex/latex/l3backend/l3backend-pdftex.def
File: l3backend-pdftex.def 2023-01-16 L3 backend support: PDF output (pdfTeX)
\l__color_backend_stack_int=\count363
\l__pdf_internal_box=\box80
)
(./PCC_ECA_2026.aux (./1-pre-textuais/CapaECA.aux)

LaTeX Warning: Label `tab7' multiply defined.

)
\openout1 = `PCC_ECA_2026.aux'.

LaTeX Font Info:    Checking defaults for OML/cmm/m/it on input line 9.
LaTeX Font Info:    ... okay on input line 9.
LaTeX Font Info:    Checking defaults for OMS/cmsy/m/n on input line 9.
LaTeX Font Info:    ... okay on input line 9.
LaTeX Font Info:    Checking defaults for OT1/cmr/m/n on input line 9.
LaTeX Font Info:    ... okay on input line 9.
LaTeX Font Info:    Checking defaults for T1/cmr/m/n on input line 9.
LaTeX Font Info:    ... okay on input line 9.
LaTeX Font Info:    Checking defaults for TS1/cmr/m/n on input line 9.
LaTeX Font Info:    ... okay on input line 9.
LaTeX Font Info:    Checking defaults for OMX/cmex/m/n on input line 9.
LaTeX Font Info:    ... okay on input line 9.
LaTeX Font Info:    Checking defaults for U/cmr/m/n on input line 9.
LaTeX Font Info:    ... okay on input line 9.
LaTeX Font Info:    Checking defaults for T3/cmr/m/n on input line 9.
LaTeX Font Info:    Trying to load font information for T3+cmr on input line 9.

 (/usr/share/texlive/texmf-dist/tex/latex/tipa/t3cmr.fd
File: t3cmr.fd 2001/12/31 TIPA font definitions
)
LaTeX Font Info:    ... okay on input line 9.
LaTeX Font Info:    Checking defaults for PD1/pdf/m/n on input line 9.
LaTeX Font Info:    ... okay on input line 9.
LaTeX Font Info:    Checking defaults for PU/pdf/m/n on input line 9.
LaTeX Font Info:    ... okay on input line 9.

*geometry* driver: auto-detecting
*geometry* detected driver: pdftex
*geometry* verbose mode - [ preamble ] result:
* driver: pdftex
* paper: a4paper
* layout: <same size as paper>
* layoutoffset:(h,v)=(0.0pt,0.0pt)
* modes: 
* h-part:(L,W,R)=(85.35826pt, 455.24411pt, 56.9055pt)
* v-part:(T,H,B)=(85.35826pt, 702.78308pt, 56.9055pt)
* \paperwidth=597.50787pt
* \paperheight=845.04684pt
* \textwidth=455.24411pt
* \textheight=702.78308pt
* \oddsidemargin=13.08827pt
* \evensidemargin=13.08827pt
* \topmargin=-23.91173pt
* \headheight=12.0pt
* \headsep=25.0pt
* \topskip=10.0pt
* \footskip=30.0pt
* \marginparwidth=65.0pt
* \marginparsep=11.0pt
* \columnsep=10.0pt
* \skip\footins=9.0pt plus 4.0pt minus 2.0pt
* \hoffset=0.0pt
* \voffset=0.0pt
* \mag=1000
* \@twocolumnfalse
* \@twosidefalse
* \@mparswitchfalse
* \@reversemarginfalse
* (1in=72.27pt=25.4mm, 1cm=28.453pt)

(/usr/share/texlive/texmf-dist/tex/context/base/mkii/supp-pdf.mkii
[Loading MPS to PDF converter (version 2006.09.02).]
\scratchcounter=\count364
\scratchdimen=\dimen300
\scratchbox=\box81
\nofMPsegments=\count365
\nofMParguments=\count366
\everyMPshowfont=\toks51
\MPscratchCnt=\count367
\MPscratchDim=\dimen301
\MPnumerator=\count368
\makeMPintoPDFobject=\count369
\everyMPtoPDFconversion=\toks52
) (/usr/share/texlive/texmf-dist/tex/latex/epstopdf-pkg/epstopdf-base.sty
Package: epstopdf-base 2020-01-24 v2.11 Base part for package epstopdf
Package epstopdf-base Info: Redefining graphics rule for `.eps' on input line 4
85.

(/usr/share/texlive/texmf-dist/tex/latex/latexconfig/epstopdf-sys.cfg
File: epstopdf-sys.cfg 2010/07/13 v1.3 Configuration of (r)epstopdf for TeX Liv
e
))
Package hyperref Info: Link coloring ON on input line 9.

(./PCC_ECA_2026.out) (./PCC_ECA_2026.out)
\@outlinefile=\write4
\openout4 = `PCC_ECA_2026.out'.

Package caption Info: Begin \AtBeginDocument code.
Package caption Info: End \AtBeginDocument code.
\openout2 = `1-pre-textuais/CapaECA.aux'.

 (./1-pre-textuais/CapaECA.tex
<figuras//brasaoBR.png, id=240, 152.57pt x 153.57375pt>
File: figuras//brasaoBR.png Graphic file (type png)
<use figuras//brasaoBR.png>
Package pdftex.def Info: figuras//brasaoBR.png  used on input line 10.
(pdftex.def)             Requested size: 80.95018pt x 80.94846pt.
)
[1



{/var/lib/texmf/fonts/map/pdftex/updmap/pdftex.map}{/usr/share/texlive/texmf-di
st/fonts/enc/dvips/cm-super/cm-super-t1.enc}{/usr/share/texlive/texmf-dist/font
s/enc/dvips/cm-super/cm-super-ts1.enc} <./figuras//brasaoBR.png (PNG copy)>]
(./1-pre-textuais/ContraCapaECA.tex
<figuras/IFCE_vertical.png, id=252, 100.4553pt x 109.1277pt>
File: figuras/IFCE_vertical.png Graphic file (type png)
<use figuras/IFCE_vertical.png>
Package pdftex.def Info: figuras/IFCE_vertical.png  used on input line 6.
(pdftex.def)             Requested size: 100.45505pt x 109.12741pt.

Underfull \hbox (badness 10000) in paragraph at lines 95--98

 []


Underfull \hbox (badness 10000) in paragraph at lines 99--101

 []


Underfull \hbox (badness 10000) in paragraph at lines 102--104

 []


Underfull \hbox (badness 10000) in paragraph at lines 105--107

 []


Underfull \hbox (badness 10000) in paragraph at lines 109--111

 []


Underfull \hbox (badness 10000) in paragraph at lines 112--114

 []


Underfull \hbox (badness 10000) in paragraph at lines 115--117

 []


Underfull \hbox (badness 10000) in paragraph at lines 118--120

 []


Underfull \hbox (badness 10000) in paragraph at lines 122--133

 []

[2



 <./figuras/IFCE_vertical.png>] [3

]) (./1-pre-textuais/DadosInstituicao.tex
[4]
LaTeX Font Info:    Trying to load font information for U+msa on input line 10.

 (/usr/share/texlive/texmf-dist/tex/latex/amsfonts/umsa.fd
File: umsa.fd 2013/01/14 v3.01 AMS symbols A
)
LaTeX Font Info:    Trying to load font information for U+msb on input line 10.


(/usr/share/texlive/texmf-dist/tex/latex/amsfonts/umsb.fd
File: umsb.fd 2013/01/14 v3.01 AMS symbols B
)
LaTeX Font Info:    Trying to load font information for U+wasy on input line 10
.

(/usr/share/texlive/texmf-dist/tex/latex/wasysym/uwasy.fd
File: uwasy.fd 2020/01/19 v2.4 Wasy-2 symbol font definitions
))
(./1-pre-textuais/DadosCurso.tex [5

]
Underfull \hbox (badness 10000) in paragraph at lines 34--34
[]|[][]\T1/cmr/m/n/9 https://portal.ifce.edu.br/cursos/maracanau-bacharelado-em
-
 []


Overfull \hbox (11.38101pt too wide) in paragraph at lines 9--57
[][] 
 []

) (./1-pre-textuais/Revisoes.tex [6

]
Underfull \hbox (badness 1810) in paragraph at lines 49--49
[]|\T1/cmr/m/n/10 mudança do pré-requisito de Con-tro-la-do-res Ló-gi-cos Pro-g
ra-má-veis
 []

[7

]) [8] (./PCC_ECA_2026.toc [9

])
\tf@toc=\write5
\openout5 = `PCC_ECA_2026.toc'.

 (./2-textuais/Apresentacao.tex [10])
(./2-textuais/ContextualizacaoInstituicao.tex [11

]
Overfull \hbox (2.84213pt too wide) in paragraph at lines 13--14
[]\T1/cmr/m/n/10 Em 1953, a Lei n\TS1/cmr/m/n/10 º \T1/cmr/m/n/10 3.552 con-fe-
riu à ins-ti-tui-ção o nome de Es-cola Téc-nica Fe-de-ral do Ce-ará, consolidan
do-
 []

) (./2-textuais/Justificativa.tex [12]) (./2-textuais/FundamentacaoLegal.tex
Overfull \hbox (2.76129pt too wide) in paragraph at lines 19--20
[]\T1/cmr/m/n/10 Lei n\TS1/cmr/m/n/10 º \T1/cmr/m/n/10 5.194/66 ^^U Re-gula o e
xer-cí-cio das pro-fis-sões de En-ge-nheiro, Ar-qui-teto e Engenheiro-Agrônomo,

 []

[13]) (./2-textuais/Objetivos.tex [14] [15]) (./2-textuais/FormaIngresso.tex)
(./2-textuais/AreasAtuaÃ§Ã£o.tex [16]) (./2-textuais/PerfilEgresso.tex [17])
(./2-textuais/Competencias.tex [18]
Overfull \hbox (8.53564pt too wide) in alignment at lines 34--40
 [] [] [] [] [] 
 []


Overfull \hbox (8.53564pt too wide) in alignment at lines 40--45
 [] [] [] [] [] 
 []


Overfull \hbox (8.53564pt too wide) in alignment at lines 45--48
 [] [] [] [] [] 
 []


Overfull \hbox (8.53564pt too wide) in alignment at lines 48--52
 [] [] [] [] [] 
 []


Overfull \vbox (11.19998pt too high) detected at line 57
 []


Overfull \vbox (5.59999pt too high) detected at line 153
 []


Overfull \vbox (11.19998pt too high) detected at line 210
 []


Overfull \hbox (8.53564pt too wide) in alignment at lines 52--222
 [] [] [] [] [] 
 []

[19

] [20] [21

]
Overfull \hbox (42.8449pt too wide) in alignment at lines 363--369
 [] [] [] [] [] 
 []


Overfull \hbox (42.8449pt too wide) in alignment at lines 369--374
 [] [] [] [] [] 
 []


Overfull \hbox (42.8449pt too wide) in alignment at lines 374--377
 [] [] [] [] [] 
 []


Overfull \hbox (42.8449pt too wide) in alignment at lines 377--381
 [] [] [] [] [] 
 []


Overfull \vbox (3.19998pt too high) detected at line 387
 []


Overfull \vbox (19.19998pt too high) detected at line 397
 []


Overfull \vbox (11.19998pt too high) detected at line 401
 []


Overfull \vbox (21.59999pt too high) detected at line 419
 []


Overfull \vbox (21.59999pt too high) detected at line 423
 []


Overfull \hbox (42.8449pt too wide) in alignment at lines 381--426
 [] [] [] [] [] 
 []

[22

]) (./2-textuais/Metodologia.tex) (./2-textuais/EstruturaCurricular.tex
[23

]
Underfull \hbox (badness 10000) in paragraph at lines 76--76
[]|\T1/cmr/m/n/10 horas-aula
 []


Underfull \hbox (badness 10000) in paragraph at lines 101--102
[]|\T1/cmr/m/n/10 horas-aula
 []

[24]
Underfull \hbox (badness 10000) in paragraph at lines 129--130
[]|\T1/cmr/m/n/10 horas-aula
 []

[25]
Underfull \hbox (badness 10000) in paragraph at lines 167--168
[]|\T1/cmr/m/n/10 horas-aula
 []


Underfull \hbox (badness 10000) in paragraph at lines 189--190
[]|\T1/cmr/m/n/10 horas-aula
 []

[26] (./2-textuais/MatrizECA.tex [27] [28]) [29] [30] [31] [32] [33] [34]
[35] [36] [37]
LaTeX Font Info:    Trying to load font information for T1+cmtt on input line 7
26.
 (/usr/share/texlive/texmf-dist/tex/latex/base/t1cmtt.fd
File: t1cmtt.fd 2022/07/10 v2.5l Standard LaTeX font definitions
)
[38]) (./2-textuais/AproveitamentoValidacaoConhecimento.tex [39])
(./2-textuais/AvaliacaoProjetoCurso.tex [40

] [41])
(./2-textuais/AvaliacaoAprendizagem.tex [42] [43])
(./2-textuais/EmissaoDiplomas.tex) (./2-textuais/PoliticasInstitucionais.tex

LaTeX Warning: Reference `CORPODOCENTE' on page 44 undefined on input line 17.

[44]
Underfull \hbox (badness 1215) in paragraph at lines 53--53
[]|\T1/cmr/m/n/10 Empenho, Pre-gão,
 []


Underfull \hbox (badness 10000) in paragraph at lines 59--59
[]|\T1/cmr/m/n/10 2016NE800268,
 []


Underfull \hbox (badness 10000) in paragraph at lines 59--59
\T1/cmr/m/n/10 2016NE800331,
 []

[45]) (./2-textuais/ApoioDiscente.tex [46] [47] [48] [49] [50] [51])
(./2-textuais/CorpoTecnicoAdministrativo.tex
Underfull \hbox (badness 10000) in paragraph at lines 77--77
[]|\T1/cmr/m/n/10 Nível Mé-dio/
 []

[52] [53]) (./2-textuais/Infraestrutura.tex [54]) (./PCC_ECA_2026.bbl [55])
[56] (./3-pos-textuais/anexos.tex
<anexos/ComprovanteImovel.pdf, id=877, page=1, 609.27625pt x 844.15375pt>
File: anexos/ComprovanteImovel.pdf Graphic file (type pdf)
<use anexos/ComprovanteImovel.pdf, page 1>
Package pdftex.def Info: anexos/ComprovanteImovel.pdf , page1 used on input lin
e 11.
(pdftex.def)             Requested size: 466.62242pt x 646.5226pt.
<anexos/ComprovanteImovel.pdf, id=878, 609.27625pt x 844.15375pt>
File: anexos/ComprovanteImovel.pdf Graphic file (type pdf)
<use anexos/ComprovanteImovel.pdf>
Package pdftex.def Info: anexos/ComprovanteImovel.pdf  used on input line 12.
(pdftex.def)             Requested size: 609.27475pt x 844.15169pt.
File: anexos/ComprovanteImovel.pdf Graphic file (type pdf)
<use anexos/ComprovanteImovel.pdf>
Package pdftex.def Info: anexos/ComprovanteImovel.pdf  used on input line 12.
(pdftex.def)             Requested size: 609.27475pt x 844.15169pt.
<anexos/ComprovanteImovel.pdf, id=881, page=2, 609.27625pt x 844.15375pt>
File: anexos/ComprovanteImovel.pdf Graphic file (type pdf)
<use anexos/ComprovanteImovel.pdf, page 2>
Package pdftex.def Info: anexos/ComprovanteImovel.pdf , page2 used on input lin
e 12.
(pdftex.def)             Requested size: 609.27475pt x 844.15169pt.
File: anexos/ComprovanteImovel.pdf Graphic file (type pdf)
<use anexos/ComprovanteImovel.pdf, page 2>
Package pdftex.def Info: anexos/ComprovanteImovel.pdf , page2 used on input lin
e 12.
(pdftex.def)             Requested size: 517.88725pt x 717.53407pt.

Overfull \hbox (11.37831pt too wide) in paragraph at lines 6--12
 [] 
 []

[57

 <./anexos/ComprovanteImovel.pdf>]
File: anexos/ComprovanteImovel.pdf Graphic file (type pdf)
<use anexos/ComprovanteImovel.pdf, page 2>
Package pdftex.def Info: anexos/ComprovanteImovel.pdf , page2 used on input lin
e 12.
(pdftex.def)             Requested size: 517.88725pt x 717.53407pt.
File: anexos/ComprovanteImovel.pdf Graphic file (type pdf)
<use anexos/ComprovanteImovel.pdf, page 2>
Package pdftex.def Info: anexos/ComprovanteImovel.pdf , page2 used on input lin
e 12.
(pdftex.def)             Requested size: 517.88725pt x 717.53407pt.
File: anexos/ComprovanteImovel.pdf Graphic file (type pdf)
<use anexos/ComprovanteImovel.pdf, page 2>
Package pdftex.def Info: anexos/ComprovanteImovel.pdf , page2 used on input lin
e 12.
(pdftex.def)             Requested size: 517.88725pt x 717.53407pt.
 [58 <./anexos/ComprovanteImovel.pdf>]
<anexos/ComprovanteImovel.pdf, id=891, page=3, 609.27625pt x 844.15375pt>
File: anexos/ComprovanteImovel.pdf Graphic file (type pdf)
<use anexos/ComprovanteImovel.pdf, page 3>
Package pdftex.def Info: anexos/ComprovanteImovel.pdf , page3 used on input lin
e 12.
(pdftex.def)             Requested size: 517.88725pt x 717.53407pt.
File: anexos/ComprovanteImovel.pdf Graphic file (type pdf)
<use anexos/ComprovanteImovel.pdf, page 3>
Package pdftex.def Info: anexos/ComprovanteImovel.pdf , page3 used on input lin
e 12.
(pdftex.def)             Requested size: 517.88725pt x 717.53407pt.
File: anexos/ComprovanteImovel.pdf Graphic file (type pdf)
<use anexos/ComprovanteImovel.pdf, page 3>
Package pdftex.def Info: anexos/ComprovanteImovel.pdf , page3 used on input lin
e 12.
(pdftex.def)             Requested size: 517.88725pt x 717.53407pt.

[59 <./anexos/ComprovanteImovel.pdf>]) (./3-pos-textuais/portarias.tex
LaTeX Font Info:    Trying to load font information for TS1+cmss on input line 
3.

(/usr/share/texlive/texmf-dist/tex/latex/base/ts1cmss.fd
File: ts1cmss.fd 2022/07/10 v2.5l Standard LaTeX font definitions
)
<anexos/Portaria9140_NDE_ECA_25.pdf, id=896, page=1, 597.51233pt x 845.0471pt>
File: anexos/Portaria9140_NDE_ECA_25.pdf Graphic file (type pdf)
<use anexos/Portaria9140_NDE_ECA_25.pdf, page 1>
Package pdftex.def Info: anexos/Portaria9140_NDE_ECA_25.pdf , page1 used on inp
ut line 11.
(pdftex.def)             Requested size: 447.24876pt x 632.53302pt.
<anexos/Portaria9141_Colegiado_ECA_25.pdf, id=897, page=1, 597.51233pt x 845.04
71pt>
File: anexos/Portaria9141_Colegiado_ECA_25.pdf Graphic file (type pdf)
<use anexos/Portaria9141_Colegiado_ECA_25.pdf, page 1>
Package pdftex.def Info: anexos/Portaria9141_Colegiado_ECA_25.pdf , page1 used 
on input line 23.
(pdftex.def)             Requested size: 447.24876pt x 632.53302pt.
 [60 <./anexos/Portaria9140_NDE_ECA_25.pdf>]
<anexos/Portaria23-27032013.pdf, id=935, page=1, 597.432pt x 844.95674pt>
File: anexos/Portaria23-27032013.pdf Graphic file (type pdf)
<use anexos/Portaria23-27032013.pdf, page 1>
Package pdftex.def Info: anexos/Portaria23-27032013.pdf , page1 used on input l
ine 36.
(pdftex.def)             Requested size: 447.21599pt x 632.50406pt.
 [61 <./anexos/Portaria9141_Colegiado_ECA_25.pdf>]
<anexos/Portaria42-22042013.pdf, id=973, page=1, 597.432pt x 844.95674pt>
File: anexos/Portaria42-22042013.pdf Graphic file (type pdf)
<use anexos/Portaria42-22042013.pdf, page 1>
Package pdftex.def Info: anexos/Portaria42-22042013.pdf , page1 used on input l
ine 49.
(pdftex.def)             Requested size: 447.21599pt x 632.50406pt.

[62 <./anexos/Portaria23-27032013.pdf>]
<anexos/Portaria-430-03052021.pdf, id=1012, page=1, 614.295pt x 794.97pt>
File: anexos/Portaria-430-03052021.pdf Graphic file (type pdf)
<use anexos/Portaria-430-03052021.pdf, page 1>
Package pdftex.def Info: anexos/Portaria-430-03052021.pdf , page1 used on input
 line 63.
(pdftex.def)             Requested size: 455.24606pt x 589.14197pt.
 [63 <./anexos/Portaria42-22042013.pdf>]
<anexos/Portaria-430-03052021.pdf, id=1042, 614.295pt x 794.97pt>
File: anexos/Portaria-430-03052021.pdf Graphic file (type pdf)
<use anexos/Portaria-430-03052021.pdf>
Package pdftex.def Info: anexos/Portaria-430-03052021.pdf  used on input line 6
5.
(pdftex.def)             Requested size: 614.29349pt x 794.96806pt.
File: anexos/Portaria-430-03052021.pdf Graphic file (type pdf)
<use anexos/Portaria-430-03052021.pdf>
Package pdftex.def Info: anexos/Portaria-430-03052021.pdf  used on input line 6
5.
(pdftex.def)             Requested size: 614.29349pt x 794.96806pt.
<anexos/Portaria-430-03052021.pdf, id=1045, page=2, 614.295pt x 794.97pt>
File: anexos/Portaria-430-03052021.pdf Graphic file (type pdf)
<use anexos/Portaria-430-03052021.pdf, page 2>
Package pdftex.def Info: anexos/Portaria-430-03052021.pdf , page2 used on input
 line 65.
(pdftex.def)             Requested size: 614.29349pt x 794.96806pt.
File: anexos/Portaria-430-03052021.pdf Graphic file (type pdf)
<use anexos/Portaria-430-03052021.pdf, page 2>
Package pdftex.def Info: anexos/Portaria-430-03052021.pdf , page2 used on input
 line 65.
(pdftex.def)             Requested size: 522.15321pt x 675.72769pt.
[64 <./anexos/Portaria-430-03052021.pdf>]
File: anexos/Portaria-430-03052021.pdf Graphic file (type pdf)
<use anexos/Portaria-430-03052021.pdf, page 2>
Package pdftex.def Info: anexos/Portaria-430-03052021.pdf , page2 used on input
 line 65.
(pdftex.def)             Requested size: 522.15321pt x 675.72769pt.
File: anexos/Portaria-430-03052021.pdf Graphic file (type pdf)
<use anexos/Portaria-430-03052021.pdf, page 2>
Package pdftex.def Info: anexos/Portaria-430-03052021.pdf , page2 used on input
 line 65.
(pdftex.def)             Requested size: 522.15321pt x 675.72769pt.
File: anexos/Portaria-430-03052021.pdf Graphic file (type pdf)
<use anexos/Portaria-430-03052021.pdf, page 2>
Package pdftex.def Info: anexos/Portaria-430-03052021.pdf , page2 used on input
 line 65.
(pdftex.def)             Requested size: 522.15321pt x 675.72769pt.
 [65 <./anexos/Portaria-430-03052021.pdf>]
<anexos/Portaria-430-03052021.pdf, id=1099, page=3, 614.295pt x 794.97pt>
File: anexos/Portaria-430-03052021.pdf Graphic file (type pdf)
<use anexos/Portaria-430-03052021.pdf, page 3>
Package pdftex.def Info: anexos/Portaria-430-03052021.pdf , page3 used on input
 line 65.
(pdftex.def)             Requested size: 522.15321pt x 675.72769pt.
File: anexos/Portaria-430-03052021.pdf Graphic file (type pdf)
<use anexos/Portaria-430-03052021.pdf, page 3>
Package pdftex.def Info: anexos/Portaria-430-03052021.pdf , page3 used on input
 line 65.
(pdftex.def)             Requested size: 522.15321pt x 675.72769pt.
File: anexos/Portaria-430-03052021.pdf Graphic file (type pdf)
<use anexos/Portaria-430-03052021.pdf, page 3>
Package pdftex.def Info: anexos/Portaria-430-03052021.pdf , page3 used on input
 line 65.
(pdftex.def)             Requested size: 522.15321pt x 675.72769pt.
 [66 <./anexos/Portaria-430-03052021.pdf>])
(./3-pos-textuais/RegumentoOrganizacaoDidatica.tex
Overfull \hbox (17.58487pt too wide) in paragraph at lines 4--5
\T1/cmr/m/n/10 nico ori-gi-nal está dis-po-ní-vel para acesso em [][]https://po
rtal.ifce.edu.br/documents/3261/ROD_atualizado.pdf[][]. 
 []

[67

]
Overfull \hbox (0.45392pt too wide) in paragraph at lines 199--200
[]\T1/cmr/m/n/7 Art. 67. O es-tu-dante com ma-trí-cula es-pe-cial fi-cará su-je
ito às nor-mas dis-ci-pli-na-res e didático- pe-da-gó-gi-cas, in-clu-sive subme
tendo-
 []

[68]) (./3-pos-textuais/BlocoII.tex [69]
<anexos/ProjetoOficina.pdf, id=1139, 597.45204pt x 845.1575pt>
File: anexos/ProjetoOficina.pdf Graphic file (type pdf)
<use anexos/ProjetoOficina.pdf>
Package pdftex.def Info: anexos/ProjetoOficina.pdf  used on input line 4.
(pdftex.def)             Requested size: 597.45058pt x 845.15544pt.
File: anexos/ProjetoOficina.pdf Graphic file (type pdf)
<use anexos/ProjetoOficina.pdf>
Package pdftex.def Info: anexos/ProjetoOficina.pdf  used on input line 4.
(pdftex.def)             Requested size: 597.45058pt x 845.15544pt.
<anexos/ProjetoOficina.pdf, id=1142, page=1, 597.45204pt x 845.1575pt>
File: anexos/ProjetoOficina.pdf Graphic file (type pdf)
<use anexos/ProjetoOficina.pdf, page 1>
Package pdftex.def Info: anexos/ProjetoOficina.pdf , page1 used on input line 4
.
(pdftex.def)             Requested size: 597.45058pt x 845.15544pt.
File: anexos/ProjetoOficina.pdf Graphic file (type pdf)
<use anexos/ProjetoOficina.pdf, page 1>
Package pdftex.def Info: anexos/ProjetoOficina.pdf , page1 used on input line 4
.
(pdftex.def)             Requested size: 597.47792pt x 845.19412pt.
 [70

]
File: anexos/ProjetoOficina.pdf Graphic file (type pdf)
<use anexos/ProjetoOficina.pdf, page 1>
Package pdftex.def Info: anexos/ProjetoOficina.pdf , page1 used on input line 4
.
(pdftex.def)             Requested size: 597.47792pt x 845.19412pt.
File: anexos/ProjetoOficina.pdf Graphic file (type pdf)
<use anexos/ProjetoOficina.pdf, page 1>
Package pdftex.def Info: anexos/ProjetoOficina.pdf , page1 used on input line 4
.
(pdftex.def)             Requested size: 597.47792pt x 845.19412pt.
File: anexos/ProjetoOficina.pdf Graphic file (type pdf)
<use anexos/ProjetoOficina.pdf, page 1>
Package pdftex.def Info: anexos/ProjetoOficina.pdf , page1 used on input line 4
.
(pdftex.def)             Requested size: 597.47792pt x 845.19412pt.
 [71 <./anexos/ProjetoOficina.pdf>]
<anexos/ProjetoOficina.pdf, id=1155, page=2, 597.45204pt x 845.1575pt>
File: anexos/ProjetoOficina.pdf Graphic file (type pdf)
<use anexos/ProjetoOficina.pdf, page 2>
Package pdftex.def Info: anexos/ProjetoOficina.pdf , page2 used on input line 4
.
(pdftex.def)             Requested size: 597.47792pt x 845.19412pt.
File: anexos/ProjetoOficina.pdf Graphic file (type pdf)
<use anexos/ProjetoOficina.pdf, page 2>
Package pdftex.def Info: anexos/ProjetoOficina.pdf , page2 used on input line 4
.
(pdftex.def)             Requested size: 597.47792pt x 845.19412pt.
File: anexos/ProjetoOficina.pdf Graphic file (type pdf)
<use anexos/ProjetoOficina.pdf, page 2>
Package pdftex.def Info: anexos/ProjetoOficina.pdf , page2 used on input line 4
.
(pdftex.def)             Requested size: 597.47792pt x 845.19412pt.
 [72 <./anexos/ProjetoOficina.pdf>]
<anexos/ProjetoOficina.pdf, id=1160, page=3, 597.45204pt x 845.1575pt>
File: anexos/ProjetoOficina.pdf Graphic file (type pdf)
<use anexos/ProjetoOficina.pdf, page 3>
Package pdftex.def Info: anexos/ProjetoOficina.pdf , page3 used on input line 4
.
(pdftex.def)             Requested size: 597.47792pt x 845.19412pt.
File: anexos/ProjetoOficina.pdf Graphic file (type pdf)
<use anexos/ProjetoOficina.pdf, page 3>
Package pdftex.def Info: anexos/ProjetoOficina.pdf , page3 used on input line 4
.
(pdftex.def)             Requested size: 597.47792pt x 845.19412pt.
File: anexos/ProjetoOficina.pdf Graphic file (type pdf)
<use anexos/ProjetoOficina.pdf, page 3>
Package pdftex.def Info: anexos/ProjetoOficina.pdf , page3 used on input line 4
.
(pdftex.def)             Requested size: 597.47792pt x 845.19412pt.
 [73 <./anexos/ProjetoOficina.pdf>])
(./3-pos-textuais/Legislacao.tex
<anexos/Decreto5626-22122005.pdf, id=1166, 597.45204pt x 845.1575pt>
File: anexos/Decreto5626-22122005.pdf Graphic file (type pdf)
<use anexos/Decreto5626-22122005.pdf>
Package pdftex.def Info: anexos/Decreto5626-22122005.pdf  used on input line 6.

(pdftex.def)             Requested size: 597.45058pt x 845.15544pt.
File: anexos/Decreto5626-22122005.pdf Graphic file (type pdf)
<use anexos/Decreto5626-22122005.pdf>
Package pdftex.def Info: anexos/Decreto5626-22122005.pdf  used on input line 6.

(pdftex.def)             Requested size: 597.45058pt x 845.15544pt.
<anexos/Decreto5626-22122005.pdf, id=1169, page=1, 597.45204pt x 845.1575pt>
File: anexos/Decreto5626-22122005.pdf Graphic file (type pdf)
<use anexos/Decreto5626-22122005.pdf, page 1>
Package pdftex.def Info: anexos/Decreto5626-22122005.pdf , page1 used on input 
line 6.
(pdftex.def)             Requested size: 597.45058pt x 845.15544pt.
File: anexos/Decreto5626-22122005.pdf Graphic file (type pdf)
<use anexos/Decreto5626-22122005.pdf, page 1>
Package pdftex.def Info: anexos/Decreto5626-22122005.pdf , page1 used on input 
line 6.
(pdftex.def)             Requested size: 597.47792pt x 845.19412pt.
 [74

]
File: anexos/Decreto5626-22122005.pdf Graphic file (type pdf)
<use anexos/Decreto5626-22122005.pdf, page 1>
Package pdftex.def Info: anexos/Decreto5626-22122005.pdf , page1 used on input 
line 6.
(pdftex.def)             Requested size: 597.47792pt x 845.19412pt.
File: anexos/Decreto5626-22122005.pdf Graphic file (type pdf)
<use anexos/Decreto5626-22122005.pdf, page 1>
Package pdftex.def Info: anexos/Decreto5626-22122005.pdf , page1 used on input 
line 6.
(pdftex.def)             Requested size: 597.47792pt x 845.19412pt.
File: anexos/Decreto5626-22122005.pdf Graphic file (type pdf)
<use anexos/Decreto5626-22122005.pdf, page 1>
Package pdftex.def Info: anexos/Decreto5626-22122005.pdf , page1 used on input 
line 6.
(pdftex.def)             Requested size: 597.47792pt x 845.19412pt.
 [75 <./anexos/Decreto5626-22122005.pdf>]
<anexos/Decreto5626-22122005.pdf, id=1189, page=2, 597.45204pt x 845.1575pt>
File: anexos/Decreto5626-22122005.pdf Graphic file (type pdf)
<use anexos/Decreto5626-22122005.pdf, page 2>
Package pdftex.def Info: anexos/Decreto5626-22122005.pdf , page2 used on input 
line 6.
(pdftex.def)             Requested size: 597.47792pt x 845.19412pt.
File: anexos/Decreto5626-22122005.pdf Graphic file (type pdf)
<use anexos/Decreto5626-22122005.pdf, page 2>
Package pdftex.def Info: anexos/Decreto5626-22122005.pdf , page2 used on input 
line 6.
(pdftex.def)             Requested size: 597.47792pt x 845.19412pt.
File: anexos/Decreto5626-22122005.pdf Graphic file (type pdf)
<use anexos/Decreto5626-22122005.pdf, page 2>
Package pdftex.def Info: anexos/Decreto5626-22122005.pdf , page2 used on input 
line 6.
(pdftex.def)             Requested size: 597.47792pt x 845.19412pt.

[76 <./anexos/Decreto5626-22122005.pdf>]
<anexos/Decreto5626-22122005.pdf, id=1194, page=3, 597.45204pt x 845.1575pt>
File: anexos/Decreto5626-22122005.pdf Graphic file (type pdf)
<use anexos/Decreto5626-22122005.pdf, page 3>
Package pdftex.def Info: anexos/Decreto5626-22122005.pdf , page3 used on input 
line 6.
(pdftex.def)             Requested size: 597.47792pt x 845.19412pt.
File: anexos/Decreto5626-22122005.pdf Graphic file (type pdf)
<use anexos/Decreto5626-22122005.pdf, page 3>
Package pdftex.def Info: anexos/Decreto5626-22122005.pdf , page3 used on input 
line 6.
(pdftex.def)             Requested size: 597.47792pt x 845.19412pt.
File: anexos/Decreto5626-22122005.pdf Graphic file (type pdf)
<use anexos/Decreto5626-22122005.pdf, page 3>
Package pdftex.def Info: anexos/Decreto5626-22122005.pdf , page3 used on input 
line 6.
(pdftex.def)             Requested size: 597.47792pt x 845.19412pt.
 [77 <./anexos/Decreto5626-22122005.pdf>]
<anexos/Decreto5626-22122005.pdf, id=1199, page=4, 597.45204pt x 845.1575pt>
File: anexos/Decreto5626-22122005.pdf Graphic file (type pdf)
<use anexos/Decreto5626-22122005.pdf, page 4>
Package pdftex.def Info: anexos/Decreto5626-22122005.pdf , page4 used on input 
line 6.
(pdftex.def)             Requested size: 597.47792pt x 845.19412pt.
File: anexos/Decreto5626-22122005.pdf Graphic file (type pdf)
<use anexos/Decreto5626-22122005.pdf, page 4>
Package pdftex.def Info: anexos/Decreto5626-22122005.pdf , page4 used on input 
line 6.
(pdftex.def)             Requested size: 597.47792pt x 845.19412pt.
File: anexos/Decreto5626-22122005.pdf Graphic file (type pdf)
<use anexos/Decreto5626-22122005.pdf, page 4>
Package pdftex.def Info: anexos/Decreto5626-22122005.pdf , page4 used on input 
line 6.
(pdftex.def)             Requested size: 597.47792pt x 845.19412pt.
 [78 <./anexos/Decreto5626-22122005.pdf>]
<anexos/Decreto5626-22122005.pdf, id=1204, page=5, 597.45204pt x 845.1575pt>
File: anexos/Decreto5626-22122005.pdf Graphic file (type pdf)
<use anexos/Decreto5626-22122005.pdf, page 5>
Package pdftex.def Info: anexos/Decreto5626-22122005.pdf , page5 used on input 
line 6.
(pdftex.def)             Requested size: 597.47792pt x 845.19412pt.
File: anexos/Decreto5626-22122005.pdf Graphic file (type pdf)
<use anexos/Decreto5626-22122005.pdf, page 5>
Package pdftex.def Info: anexos/Decreto5626-22122005.pdf , page5 used on input 
line 6.
(pdftex.def)             Requested size: 597.47792pt x 845.19412pt.
File: anexos/Decreto5626-22122005.pdf Graphic file (type pdf)
<use anexos/Decreto5626-22122005.pdf, page 5>
Package pdftex.def Info: anexos/Decreto5626-22122005.pdf , page5 used on input 
line 6.
(pdftex.def)             Requested size: 597.47792pt x 845.19412pt.
 [79 <./anexos/Decreto5626-22122005.pdf>]
<anexos/Decreto5626-22122005.pdf, id=1210, page=6, 597.45204pt x 845.1575pt>
File: anexos/Decreto5626-22122005.pdf Graphic file (type pdf)
<use anexos/Decreto5626-22122005.pdf, page 6>
Package pdftex.def Info: anexos/Decreto5626-22122005.pdf , page6 used on input 
line 6.
(pdftex.def)             Requested size: 597.47792pt x 845.19412pt.
File: anexos/Decreto5626-22122005.pdf Graphic file (type pdf)
<use anexos/Decreto5626-22122005.pdf, page 6>
Package pdftex.def Info: anexos/Decreto5626-22122005.pdf , page6 used on input 
line 6.
(pdftex.def)             Requested size: 597.47792pt x 845.19412pt.
File: anexos/Decreto5626-22122005.pdf Graphic file (type pdf)
<use anexos/Decreto5626-22122005.pdf, page 6>
Package pdftex.def Info: anexos/Decreto5626-22122005.pdf , page6 used on input 
line 6.
(pdftex.def)             Requested size: 597.47792pt x 845.19412pt.
 [80 <./anexos/Decreto5626-22122005.pdf>]
<anexos/Decreto5626-22122005.pdf, id=1215, page=7, 597.45204pt x 845.1575pt>
File: anexos/Decreto5626-22122005.pdf Graphic file (type pdf)
<use anexos/Decreto5626-22122005.pdf, page 7>
Package pdftex.def Info: anexos/Decreto5626-22122005.pdf , page7 used on input 
line 6.
(pdftex.def)             Requested size: 597.47792pt x 845.19412pt.
File: anexos/Decreto5626-22122005.pdf Graphic file (type pdf)
<use anexos/Decreto5626-22122005.pdf, page 7>
Package pdftex.def Info: anexos/Decreto5626-22122005.pdf , page7 used on input 
line 6.
(pdftex.def)             Requested size: 597.47792pt x 845.19412pt.
File: anexos/Decreto5626-22122005.pdf Graphic file (type pdf)
<use anexos/Decreto5626-22122005.pdf, page 7>
Package pdftex.def Info: anexos/Decreto5626-22122005.pdf , page7 used on input 
line 6.
(pdftex.def)             Requested size: 597.47792pt x 845.19412pt.
 [81 <./anexos/Decreto5626-22122005.pdf>]
<anexos/Decreto5626-22122005.pdf, id=1220, page=8, 597.45204pt x 845.1575pt>
File: anexos/Decreto5626-22122005.pdf Graphic file (type pdf)
<use anexos/Decreto5626-22122005.pdf, page 8>
Package pdftex.def Info: anexos/Decreto5626-22122005.pdf , page8 used on input 
line 6.
(pdftex.def)             Requested size: 597.47792pt x 845.19412pt.
File: anexos/Decreto5626-22122005.pdf Graphic file (type pdf)
<use anexos/Decreto5626-22122005.pdf, page 8>
Package pdftex.def Info: anexos/Decreto5626-22122005.pdf , page8 used on input 
line 6.
(pdftex.def)             Requested size: 597.47792pt x 845.19412pt.
File: anexos/Decreto5626-22122005.pdf Graphic file (type pdf)
<use anexos/Decreto5626-22122005.pdf, page 8>
Package pdftex.def Info: anexos/Decreto5626-22122005.pdf , page8 used on input 
line 6.
(pdftex.def)             Requested size: 597.47792pt x 845.19412pt.
 [82 <./anexos/Decreto5626-22122005.pdf>])
(./3-pos-textuais/ECAPUDs.tex [83

]
*geometry* verbose mode - [ newgeometry ] result:
* driver: pdftex
* paper: a4paper
* layout: <same size as paper>
* layoutoffset:(h,v)=(0.0pt,0.0pt)
* modes: 
* h-part:(L,W,R)=(72.26999pt, 452.9679pt, 72.26999pt)
* v-part:(T,H,B)=(72.26999pt, 592.10187pt, 180.67499pt)
* \paperwidth=597.50787pt
* \paperheight=845.04684pt
* \textwidth=452.9679pt
* \textheight=592.10187pt
* \oddsidemargin=0.0pt
* \evensidemargin=0.0pt
* \topmargin=-37.0pt
* \headheight=12.0pt
* \headsep=25.0pt
* \topskip=10.0pt
* \footskip=30.0pt
* \marginparwidth=65.0pt
* \marginparsep=11.0pt
* \columnsep=10.0pt
* \skip\footins=9.0pt plus 4.0pt minus 2.0pt
* \hoffset=0.0pt
* \voffset=0.0pt
* \mag=1000
* \@twocolumnfalse
* \@twosidefalse
* \@mparswitchfalse
* \@reversemarginfalse
* (1in=72.27pt=25.4mm, 1cm=28.453pt)

 (./anexos/puds/S01-ACE-PUD-AlgebraLinear.tex
<figuras/pud_logo_ifce.jpg, id=1232, 601.64775pt x 238.12965pt>
File: figuras/pud_logo_ifce.jpg Graphic file (type jpg)
<use figuras/pud_logo_ifce.jpg>
Package pdftex.def Info: figuras/pud_logo_ifce.jpg  used on input line 90.
(pdftex.def)             Requested size: 143.77414pt x 56.9055pt.

Overfull \hbox (2.33794pt too wide) has occurred while \output is active
 [] 
 []

[84

 <./figuras/pud_logo_ifce.jpg>]
Overfull \hbox (3.68333pt too wide) in paragraph at lines 90--90
[]|\T1/cmr/m/n/10 1 --
 []


Overfull \hbox (3.68333pt too wide) in paragraph at lines 90--90
[]|\T1/cmr/m/n/10 2 --
 []


Overfull \hbox (3.68333pt too wide) in paragraph at lines 90--90
[]|\T1/cmr/m/n/10 3 --
 []


Overfull \hbox (3.68333pt too wide) in paragraph at lines 90--90
[]|\T1/cmr/m/n/10 1 --
 []


Overfull \hbox (3.68333pt too wide) in paragraph at lines 90--90
[]|\T1/cmr/m/n/10 2 --
 []


Overfull \hbox (3.68333pt too wide) in paragraph at lines 90--90
[]|\T1/cmr/m/n/10 3 --
 []


Overfull \hbox (3.68333pt too wide) in paragraph at lines 90--90
[]|\T1/cmr/m/n/10 4 --
 []


Overfull \hbox (3.68333pt too wide) in paragraph at lines 90--90
[]|\T1/cmr/m/n/10 5 --
 []

)
File: figuras/pud_logo_ifce.jpg Graphic file (type jpg)
<use figuras/pud_logo_ifce.jpg>
Package pdftex.def Info: figuras/pud_logo_ifce.jpg  used on input line 11.
(pdftex.def)             Requested size: 143.77414pt x 56.9055pt.

Overfull \hbox (2.33794pt too wide) has occurred while \output is active
 [] 
 []

[85] (./anexos/puds/S01-ACE-PUD-Calculo1.tex
File: figuras/pud_logo_ifce.jpg Graphic file (type jpg)
<use figuras/pud_logo_ifce.jpg>
Package pdftex.def Info: figuras/pud_logo_ifce.jpg  used on input line 98.
(pdftex.def)             Requested size: 143.77414pt x 56.9055pt.

Overfull \hbox (2.33794pt too wide) has occurred while \output is active
 [] 
 []

[86]
Overfull \hbox (3.68333pt too wide) in paragraph at lines 98--98
[]|\T1/cmr/m/n/10 1 --
 []


Overfull \hbox (3.68333pt too wide) in paragraph at lines 98--98
[]|\T1/cmr/m/n/10 2 --
 []


Overfull \hbox (3.68333pt too wide) in paragraph at lines 98--98
[]|\T1/cmr/m/n/10 3 --
 []


Overfull \hbox (3.68333pt too wide) in paragraph at lines 98--98
[]|\T1/cmr/m/n/10 1 --
 []


Overfull \hbox (3.68333pt too wide) in paragraph at lines 98--98
[]|\T1/cmr/m/n/10 2 --
 []


Overfull \hbox (3.68333pt too wide) in paragraph at lines 98--98
[]|\T1/cmr/m/n/10 3 --
 []


Overfull \hbox (3.68333pt too wide) in paragraph at lines 98--98
[]|\T1/cmr/m/n/10 4 --
 []


Overfull \hbox (3.68333pt too wide) in paragraph at lines 98--98
[]|\T1/cmr/m/n/10 5 --
 []

)
File: figuras/pud_logo_ifce.jpg Graphic file (type jpg)
<use figuras/pud_logo_ifce.jpg>
Package pdftex.def Info: figuras/pud_logo_ifce.jpg  used on input line 13.
(pdftex.def)             Requested size: 143.77414pt x 56.9055pt.

Overfull \hbox (2.33794pt too wide) has occurred while \output is active
 [] 
 []

[87] (./anexos/puds/S01-ACE-PUD-InglesTecnico.tex
File: figuras/pud_logo_ifce.jpg Graphic file (type jpg)
<use figuras/pud_logo_ifce.jpg>
Package pdftex.def Info: figuras/pud_logo_ifce.jpg  used on input line 102.
(pdftex.def)             Requested size: 143.77414pt x 56.9055pt.

Overfull \hbox (2.33794pt too wide) has occurred while \output is active
 [] 
 []

[88]
Overfull \hbox (3.68333pt too wide) in paragraph at lines 102--102
[]|\T1/cmr/m/n/10 1 --
 []


Overfull \hbox (3.68333pt too wide) in paragraph at lines 102--102
[]|\T1/cmr/m/n/10 2 --
 []


Overfull \hbox (3.68333pt too wide) in paragraph at lines 102--102
[]|\T1/cmr/m/n/10 3 --
 []


Overfull \hbox (3.68333pt too wide) in paragraph at lines 102--102
[]|\T1/cmr/m/n/10 1 --
 []


Overfull \hbox (3.68333pt too wide) in paragraph at lines 102--102
[]|\T1/cmr/m/n/10 2 --
 []


Overfull \hbox (3.68333pt too wide) in paragraph at lines 102--102
[]|\T1/cmr/m/n/10 3 --
 []


Overfull \hbox (3.68333pt too wide) in paragraph at lines 102--102
[]|\T1/cmr/m/n/10 4 --
 []


Overfull \hbox (3.68333pt too wide) in paragraph at lines 102--102
[]|\T1/cmr/m/n/10 5 --
 []

)
File: figuras/pud_logo_ifce.jpg Graphic file (type jpg)
<use figuras/pud_logo_ifce.jpg>
Package pdftex.def Info: figuras/pud_logo_ifce.jpg  used on input line 15.
(pdftex.def)             Requested size: 143.77414pt x 56.9055pt.

Overfull \hbox (2.33794pt too wide) has occurred while \output is active
 [] 
 []

[89] (./anexos/puds/S01-ACE-PUD-QuimicaGeral.tex
File: figuras/pud_logo_ifce.jpg Graphic file (type jpg)
<use figuras/pud_logo_ifce.jpg>
Package pdftex.def Info: figuras/pud_logo_ifce.jpg  used on input line 89.
(pdftex.def)             Requested size: 143.77414pt x 56.9055pt.

Overfull \hbox (2.33794pt too wide) has occurred while \output is active
 [] 
 []

[90]
Overfull \hbox (3.68333pt too wide) in paragraph at lines 89--89
[]|\T1/cmr/m/n/10 1 --
 []


Overfull \hbox (3.68333pt too wide) in paragraph at lines 89--89
[]|\T1/cmr/m/n/10 2 --
 []


Overfull \hbox (3.68333pt too wide) in paragraph at lines 89--89
[]|\T1/cmr/m/n/10 3 --
 []


Overfull \hbox (3.68333pt too wide) in paragraph at lines 89--89
[]|\T1/cmr/m/n/10 1 --
 []


Overfull \hbox (3.68333pt too wide) in paragraph at lines 89--89
[]|\T1/cmr/m/n/10 2 --
 []


Overfull \hbox (3.68333pt too wide) in paragraph at lines 89--89
[]|\T1/cmr/m/n/10 3 --
 []


Overfull \hbox (3.68333pt too wide) in paragraph at lines 89--89
[]|\T1/cmr/m/n/10 4 --
 []


Overfull \hbox (3.68333pt too wide) in paragraph at lines 89--89
[]|\T1/cmr/m/n/10 5 --
 []

)
File: figuras/pud_logo_ifce.jpg Graphic file (type jpg)
<use figuras/pud_logo_ifce.jpg>
Package pdftex.def Info: figuras/pud_logo_ifce.jpg  used on input line 17.
(pdftex.def)             Requested size: 143.77414pt x 56.9055pt.

Overfull \hbox (2.33794pt too wide) has occurred while \output is active
 [] 
 []

[91] (./anexos/puds/S01-ACE-PUD-IntroducaoaEngenharia.tex
File: figuras/pud_logo_ifce.jpg Graphic file (type jpg)
<use figuras/pud_logo_ifce.jpg>
Package pdftex.def Info: figuras/pud_logo_ifce.jpg  used on input line 119.
(pdftex.def)             Requested size: 143.77414pt x 56.9055pt.

Overfull \hbox (2.33794pt too wide) has occurred while \output is active
 [] 
 []

[92]
Overfull \hbox (3.68333pt too wide) in paragraph at lines 119--119
[]|\T1/cmr/m/n/10 1 --
 []


Overfull \hbox (3.68333pt too wide) in paragraph at lines 119--119
[]|\T1/cmr/m/n/10 2 --
 []


Overfull \hbox (3.68333pt too wide) in paragraph at lines 119--119
[]|\T1/cmr/m/n/10 3 --
 []


Overfull \hbox (3.68333pt too wide) in paragraph at lines 119--119
[]|\T1/cmr/m/n/10 1 --
 []


Overfull \hbox (3.68333pt too wide) in paragraph at lines 119--119
[]|\T1/cmr/m/n/10 2 --
 []


Overfull \hbox (3.68333pt too wide) in paragraph at lines 119--119
[]|\T1/cmr/m/n/10 3 --
 []


Overfull \hbox (3.68333pt too wide) in paragraph at lines 119--119
[]|\T1/cmr/m/n/10 4 --
 []


Overfull \hbox (3.68333pt too wide) in paragraph at lines 119--119
[]|\T1/cmr/m/n/10 5 --
 []

)
File: figuras/pud_logo_ifce.jpg Graphic file (type jpg)
<use figuras/pud_logo_ifce.jpg>
Package pdftex.def Info: figuras/pud_logo_ifce.jpg  used on input line 19.
(pdftex.def)             Requested size: 143.77414pt x 56.9055pt.

Overfull \hbox (2.33794pt too wide) has occurred while \output is active
 [] 
 []

[93] (./anexos/puds/S01-EME-PUD-DesenhoTecnico.tex
File: figuras/pud_logo_ifce.jpg Graphic file (type jpg)
<use figuras/pud_logo_ifce.jpg>
Package pdftex.def Info: figuras/pud_logo_ifce.jpg  used on input line 101.
(pdftex.def)             Requested size: 143.77414pt x 56.9055pt.

Overfull \hbox (2.33794pt too wide) has occurred while \output is active
 [] 
 []

[94]
Overfull \hbox (3.68333pt too wide) in paragraph at lines 101--101
[]|\T1/cmr/m/n/10 1 --
 []


Overfull \hbox (3.68333pt too wide) in paragraph at lines 101--101
[]|\T1/cmr/m/n/10 2 --
 []


Overfull \hbox (3.68333pt too wide) in paragraph at lines 101--101
[]|\T1/cmr/m/n/10 3 --
 []


Overfull \hbox (3.68333pt too wide) in paragraph at lines 101--101
[]|\T1/cmr/m/n/10 1 --
 []


Overfull \hbox (3.68333pt too wide) in paragraph at lines 101--101
[]|\T1/cmr/m/n/10 2 --
 []


Overfull \hbox (3.68333pt too wide) in paragraph at lines 101--101
[]|\T1/cmr/m/n/10 3 --
 []


Overfull \hbox (3.68333pt too wide) in paragraph at lines 101--101
[]|\T1/cmr/m/n/10 4 --
 []


Overfull \hbox (3.68333pt too wide) in paragraph at lines 101--101
[]|\T1/cmr/m/n/10 5 --
 []

)
File: figuras/pud_logo_ifce.jpg Graphic file (type jpg)
<use figuras/pud_logo_ifce.jpg>
Package pdftex.def Info: figuras/pud_logo_ifce.jpg  used on input line 21.
(pdftex.def)             Requested size: 143.77414pt x 56.9055pt.

Overfull \hbox (2.33794pt too wide) has occurred while \output is active
 [] 
 []

[95] (./anexos/puds/S02-ACE-PUD-Calculo2.tex
File: figuras/pud_logo_ifce.jpg Graphic file (type jpg)
<use figuras/pud_logo_ifce.jpg>
Package pdftex.def Info: figuras/pud_logo_ifce.jpg  used on input line 86.
(pdftex.def)             Requested size: 143.77414pt x 56.9055pt.

Overfull \hbox (2.33794pt too wide) has occurred while \output is active
 [] 
 []

[96]
Overfull \hbox (3.68333pt too wide) in paragraph at lines 86--86
[]|\T1/cmr/m/n/10 1 --
 []


Overfull \hbox (3.68333pt too wide) in paragraph at lines 86--86
[]|\T1/cmr/m/n/10 2 --
 []


Overfull \hbox (3.68333pt too wide) in paragraph at lines 86--86
[]|\T1/cmr/m/n/10 3 --
 []


Overfull \hbox (3.68333pt too wide) in paragraph at lines 86--86
[]|\T1/cmr/m/n/10 1 --
 []


Overfull \hbox (3.68333pt too wide) in paragraph at lines 86--86
[]|\T1/cmr/m/n/10 2 --
 []


Overfull \hbox (3.68333pt too wide) in paragraph at lines 86--86
[]|\T1/cmr/m/n/10 3 --
 []


Overfull \hbox (3.68333pt too wide) in paragraph at lines 86--86
[]|\T1/cmr/m/n/10 4 --
 []


Overfull \hbox (3.68333pt too wide) in paragraph at lines 86--86
[]|\T1/cmr/m/n/10 5 --
 []

)
File: figuras/pud_logo_ifce.jpg Graphic file (type jpg)
<use figuras/pud_logo_ifce.jpg>
Package pdftex.def Info: figuras/pud_logo_ifce.jpg  used on input line 23.
(pdftex.def)             Requested size: 143.77414pt x 56.9055pt.

Overfull \hbox (2.33794pt too wide) has occurred while \output is active
 [] 
 []

[97] (./anexos/puds/S02-ACE-PUD-Fisica1.tex
File: figuras/pud_logo_ifce.jpg Graphic file (type jpg)
<use figuras/pud_logo_ifce.jpg>
Package pdftex.def Info: figuras/pud_logo_ifce.jpg  used on input line 89.
(pdftex.def)             Requested size: 143.77414pt x 56.9055pt.

Overfull \hbox (2.33794pt too wide) has occurred while \output is active
 [] 
 []

[98]
Overfull \hbox (3.68333pt too wide) in paragraph at lines 89--89
[]|\T1/cmr/m/n/10 1 --
 []


Overfull \hbox (3.68333pt too wide) in paragraph at lines 89--89
[]|\T1/cmr/m/n/10 2 --
 []


Overfull \hbox (3.68333pt too wide) in paragraph at lines 89--89
[]|\T1/cmr/m/n/10 3 --
 []


Overfull \hbox (3.68333pt too wide) in paragraph at lines 89--89
[]|\T1/cmr/m/n/10 1 --
 []


Overfull \hbox (3.68333pt too wide) in paragraph at lines 89--89
[]|\T1/cmr/m/n/10 2 --
 []


Overfull \hbox (3.68333pt too wide) in paragraph at lines 89--89
[]|\T1/cmr/m/n/10 3 --
 []


Overfull \hbox (3.68333pt too wide) in paragraph at lines 89--89
[]|\T1/cmr/m/n/10 4 --
 []


Overfull \hbox (3.68333pt too wide) in paragraph at lines 89--89
[]|\T1/cmr/m/n/10 5 --
 []

)
File: figuras/pud_logo_ifce.jpg Graphic file (type jpg)
<use figuras/pud_logo_ifce.jpg>
Package pdftex.def Info: figuras/pud_logo_ifce.jpg  used on input line 25.
(pdftex.def)             Requested size: 143.77414pt x 56.9055pt.

Overfull \hbox (2.33794pt too wide) has occurred while \output is active
 [] 
 []

[99] (./anexos/puds/S02-ACE-PUD-ProbabilidadeeEstatistica.tex
File: figuras/pud_logo_ifce.jpg Graphic file (type jpg)
<use figuras/pud_logo_ifce.jpg>
Package pdftex.def Info: figuras/pud_logo_ifce.jpg  used on input line 87.
(pdftex.def)             Requested size: 143.77414pt x 56.9055pt.

Overfull \hbox (2.33794pt too wide) has occurred while \output is active
 [] 
 []

[100]
Overfull \hbox (3.68333pt too wide) in paragraph at lines 87--87
[]|\T1/cmr/m/n/10 1 --
 []


Overfull \hbox (3.68333pt too wide) in paragraph at lines 87--87
[]|\T1/cmr/m/n/10 2 --
 []


Overfull \hbox (3.68333pt too wide) in paragraph at lines 87--87
[]|\T1/cmr/m/n/10 3 --
 []


Overfull \hbox (3.68333pt too wide) in paragraph at lines 87--87
[]|\T1/cmr/m/n/10 1 --
 []


Overfull \hbox (3.68333pt too wide) in paragraph at lines 87--87
[]|\T1/cmr/m/n/10 2 --
 []


Overfull \hbox (3.68333pt too wide) in paragraph at lines 87--87
[]|\T1/cmr/m/n/10 3 --
 []


Overfull \hbox (3.68333pt too wide) in paragraph at lines 87--87
[]|\T1/cmr/m/n/10 4 --
 []


Overfull \hbox (3.68333pt too wide) in paragraph at lines 87--87
[]|\T1/cmr/m/n/10 5 --
 []

File: figuras/pud_logo_ifce.jpg Graphic file (type jpg)
<use figuras/pud_logo_ifce.jpg>
Package pdftex.def Info: figuras/pud_logo_ifce.jpg  used on input line 87.
(pdftex.def)             Requested size: 143.77414pt x 56.9055pt.

Overfull \hbox (2.33794pt too wide) has occurred while \output is active
 [] 
 []

[101])
File: figuras/pud_logo_ifce.jpg Graphic file (type jpg)
<use figuras/pud_logo_ifce.jpg>
Package pdftex.def Info: figuras/pud_logo_ifce.jpg  used on input line 27.
(pdftex.def)             Requested size: 143.77414pt x 56.9055pt.

Overfull \hbox (2.33794pt too wide) has occurred while \output is active
 [] 
 []

[102] (./anexos/puds/S02-ECA-PUD-LogicadeProgramacao.tex
File: figuras/pud_logo_ifce.jpg Graphic file (type jpg)
<use figuras/pud_logo_ifce.jpg>
Package pdftex.def Info: figuras/pud_logo_ifce.jpg  used on input line 94.
(pdftex.def)             Requested size: 143.77414pt x 56.9055pt.

Overfull \hbox (2.33794pt too wide) has occurred while \output is active
 [] 
 []

[103]
Overfull \hbox (3.68333pt too wide) in paragraph at lines 94--94
[]|\T1/cmr/m/n/10 1 --
 []


Overfull \hbox (3.68333pt too wide) in paragraph at lines 94--94
[]|\T1/cmr/m/n/10 2 --
 []


Overfull \hbox (3.68333pt too wide) in paragraph at lines 94--94
[]|\T1/cmr/m/n/10 3 --
 []


Overfull \hbox (3.68333pt too wide) in paragraph at lines 94--94
[]|\T1/cmr/m/n/10 1 --
 []


Overfull \hbox (3.68333pt too wide) in paragraph at lines 94--94
[]|\T1/cmr/m/n/10 2 --
 []


Overfull \hbox (3.68333pt too wide) in paragraph at lines 94--94
[]|\T1/cmr/m/n/10 3 --
 []


Overfull \hbox (3.68333pt too wide) in paragraph at lines 94--94
[]|\T1/cmr/m/n/10 4 --
 []


Overfull \hbox (3.68333pt too wide) in paragraph at lines 94--94
[]|\T1/cmr/m/n/10 5 --
 []

)
File: figuras/pud_logo_ifce.jpg Graphic file (type jpg)
<use figuras/pud_logo_ifce.jpg>
Package pdftex.def Info: figuras/pud_logo_ifce.jpg  used on input line 29.
(pdftex.def)             Requested size: 143.77414pt x 56.9055pt.

Overfull \hbox (2.33794pt too wide) has occurred while \output is active
 [] 
 []

[104] (./anexos/puds/S02-EME-PUD-DesenhoAuxiliadoporComputadorCAD.tex
File: figuras/pud_logo_ifce.jpg Graphic file (type jpg)
<use figuras/pud_logo_ifce.jpg>
Package pdftex.def Info: figuras/pud_logo_ifce.jpg  used on input line 99.
(pdftex.def)             Requested size: 143.77414pt x 56.9055pt.

Overfull \hbox (2.33794pt too wide) has occurred while \output is active
 [] 
 []

[105]
Overfull \hbox (3.68333pt too wide) in paragraph at lines 99--99
[]|\T1/cmr/m/n/10 1 --
 []


Overfull \hbox (3.68333pt too wide) in paragraph at lines 99--99
[]|\T1/cmr/m/n/10 2 --
 []


Overfull \hbox (3.68333pt too wide) in paragraph at lines 99--99
[]|\T1/cmr/m/n/10 3 --
 []


Overfull \hbox (3.68333pt too wide) in paragraph at lines 99--99
[]|\T1/cmr/m/n/10 1 --
 []


Overfull \hbox (3.68333pt too wide) in paragraph at lines 99--99
[]|\T1/cmr/m/n/10 2 --
 []


Overfull \hbox (3.68333pt too wide) in paragraph at lines 99--99
[]|\T1/cmr/m/n/10 3 --
 []


Overfull \hbox (3.68333pt too wide) in paragraph at lines 99--99
[]|\T1/cmr/m/n/10 4 --
 []


Overfull \hbox (3.68333pt too wide) in paragraph at lines 99--99
[]|\T1/cmr/m/n/10 5 --
 []

)
File: figuras/pud_logo_ifce.jpg Graphic file (type jpg)
<use figuras/pud_logo_ifce.jpg>
Package pdftex.def Info: figuras/pud_logo_ifce.jpg  used on input line 31.
(pdftex.def)             Requested size: 143.77414pt x 56.9055pt.

Overfull \hbox (2.33794pt too wide) has occurred while \output is active
 [] 
 []

[106] (./anexos/puds/S03-ACE-PUD-Calculo3.tex
File: figuras/pud_logo_ifce.jpg Graphic file (type jpg)
<use figuras/pud_logo_ifce.jpg>
Package pdftex.def Info: figuras/pud_logo_ifce.jpg  used on input line 97.
(pdftex.def)             Requested size: 143.77414pt x 56.9055pt.

Overfull \hbox (2.33794pt too wide) has occurred while \output is active
 [] 
 []

[107]
Overfull \hbox (3.68333pt too wide) in paragraph at lines 97--97
[]|\T1/cmr/m/n/10 1 --
 []


Overfull \hbox (3.68333pt too wide) in paragraph at lines 97--97
[]|\T1/cmr/m/n/10 2 --
 []


Overfull \hbox (3.68333pt too wide) in paragraph at lines 97--97
[]|\T1/cmr/m/n/10 3 --
 []


Overfull \hbox (3.68333pt too wide) in paragraph at lines 97--97
[]|\T1/cmr/m/n/10 1 --
 []


Overfull \hbox (3.68333pt too wide) in paragraph at lines 97--97
[]|\T1/cmr/m/n/10 2 --
 []


Overfull \hbox (3.68333pt too wide) in paragraph at lines 97--97
[]|\T1/cmr/m/n/10 3 --
 []


Overfull \hbox (3.68333pt too wide) in paragraph at lines 97--97
[]|\T1/cmr/m/n/10 4 --
 []


Overfull \hbox (3.68333pt too wide) in paragraph at lines 97--97
[]|\T1/cmr/m/n/10 5 --
 []

)
File: figuras/pud_logo_ifce.jpg Graphic file (type jpg)
<use figuras/pud_logo_ifce.jpg>
Package pdftex.def Info: figuras/pud_logo_ifce.jpg  used on input line 33.
(pdftex.def)             Requested size: 143.77414pt x 56.9055pt.

Overfull \hbox (2.33794pt too wide) has occurred while \output is active
 [] 
 []

[108] (./anexos/puds/S03-ACE-PUD-Fisica2.tex
File: figuras/pud_logo_ifce.jpg Graphic file (type jpg)
<use figuras/pud_logo_ifce.jpg>
Package pdftex.def Info: figuras/pud_logo_ifce.jpg  used on input line 83.
(pdftex.def)             Requested size: 143.77414pt x 56.9055pt.

Overfull \hbox (2.33794pt too wide) has occurred while \output is active
 [] 
 []

[109]
Overfull \hbox (3.68333pt too wide) in paragraph at lines 83--83
[]|\T1/cmr/m/n/10 1 --
 []


Overfull \hbox (3.68333pt too wide) in paragraph at lines 83--83
[]|\T1/cmr/m/n/10 2 --
 []


Overfull \hbox (3.68333pt too wide) in paragraph at lines 83--83
[]|\T1/cmr/m/n/10 3 --
 []


Overfull \hbox (3.68333pt too wide) in paragraph at lines 83--83
[]|\T1/cmr/m/n/10 1 --
 []


Overfull \hbox (3.68333pt too wide) in paragraph at lines 83--83
[]|\T1/cmr/m/n/10 2 --
 []


Overfull \hbox (3.68333pt too wide) in paragraph at lines 83--83
[]|\T1/cmr/m/n/10 3 --
 []


Overfull \hbox (3.68333pt too wide) in paragraph at lines 83--83
[]|\T1/cmr/m/n/10 4 --
 []


Overfull \hbox (3.68333pt too wide) in paragraph at lines 83--83
[]|\T1/cmr/m/n/10 5 --
 []

)
File: figuras/pud_logo_ifce.jpg Graphic file (type jpg)
<use figuras/pud_logo_ifce.jpg>
Package pdftex.def Info: figuras/pud_logo_ifce.jpg  used on input line 35.
(pdftex.def)             Requested size: 143.77414pt x 56.9055pt.

Overfull \hbox (2.33794pt too wide) has occurred while \output is active
 [] 
 []

[110] (./anexos/puds/S03-ECA-PUD-LinguagemdeProgramacao.tex
File: figuras/pud_logo_ifce.jpg Graphic file (type jpg)
<use figuras/pud_logo_ifce.jpg>
Package pdftex.def Info: figuras/pud_logo_ifce.jpg  used on input line 129.
(pdftex.def)             Requested size: 143.77414pt x 56.9055pt.

Overfull \hbox (2.33794pt too wide) has occurred while \output is active
 [] 
 []

[111]
Overfull \hbox (3.68333pt too wide) in paragraph at lines 129--129
[]|\T1/cmr/m/n/10 1 --
 []


Overfull \hbox (3.68333pt too wide) in paragraph at lines 129--129
[]|\T1/cmr/m/n/10 2 --
 []


Overfull \hbox (3.68333pt too wide) in paragraph at lines 129--129
[]|\T1/cmr/m/n/10 3 --
 []


Overfull \hbox (3.68333pt too wide) in paragraph at lines 129--129
[]|\T1/cmr/m/n/10 1 --
 []


Overfull \hbox (3.68333pt too wide) in paragraph at lines 129--129
[]|\T1/cmr/m/n/10 2 --
 []


Overfull \hbox (3.68333pt too wide) in paragraph at lines 129--129
[]|\T1/cmr/m/n/10 3 --
 []


Overfull \hbox (3.68333pt too wide) in paragraph at lines 129--129
[]|\T1/cmr/m/n/10 4 --
 []


Overfull \hbox (3.68333pt too wide) in paragraph at lines 129--129
[]|\T1/cmr/m/n/10 5 --
 []

)
File: figuras/pud_logo_ifce.jpg Graphic file (type jpg)
<use figuras/pud_logo_ifce.jpg>
Package pdftex.def Info: figuras/pud_logo_ifce.jpg  used on input line 37.
(pdftex.def)             Requested size: 143.77414pt x 56.9055pt.

Overfull \hbox (2.33794pt too wide) has occurred while \output is active
 [] 
 []

[112] (./anexos/puds/S03-ECA-PUD-EletronicaIDigital+AnalogBasicos.tex
File: figuras/pud_logo_ifce.jpg Graphic file (type jpg)
<use figuras/pud_logo_ifce.jpg>
Package pdftex.def Info: figuras/pud_logo_ifce.jpg  used on input line 92.
(pdftex.def)             Requested size: 143.77414pt x 56.9055pt.

Overfull \hbox (2.33794pt too wide) has occurred while \output is active
 [] 
 []

[113]
Overfull \hbox (3.68333pt too wide) in paragraph at lines 92--92
[]|\T1/cmr/m/n/10 1 --
 []


Overfull \hbox (3.68333pt too wide) in paragraph at lines 92--92
[]|\T1/cmr/m/n/10 2 --
 []


Overfull \hbox (3.68333pt too wide) in paragraph at lines 92--92
[]|\T1/cmr/m/n/10 3 --
 []


Overfull \hbox (3.68333pt too wide) in paragraph at lines 92--92
[]|\T1/cmr/m/n/10 1 --
 []


Overfull \hbox (3.68333pt too wide) in paragraph at lines 92--92
[]|\T1/cmr/m/n/10 2 --
 []


Overfull \hbox (3.68333pt too wide) in paragraph at lines 92--92
[]|\T1/cmr/m/n/10 3 --
 []


Overfull \hbox (3.68333pt too wide) in paragraph at lines 92--92
[]|\T1/cmr/m/n/10 4 --
 []


Overfull \hbox (3.68333pt too wide) in paragraph at lines 92--92
[]|\T1/cmr/m/n/10 5 --
 []

)
File: figuras/pud_logo_ifce.jpg Graphic file (type jpg)
<use figuras/pud_logo_ifce.jpg>
Package pdftex.def Info: figuras/pud_logo_ifce.jpg  used on input line 39.
(pdftex.def)             Requested size: 143.77414pt x 56.9055pt.

Overfull \hbox (2.33794pt too wide) has occurred while \output is active
 [] 
 []

[114] (./anexos/puds/S03-EME-PUD-Metrologia.tex
File: figuras/pud_logo_ifce.jpg Graphic file (type jpg)
<use figuras/pud_logo_ifce.jpg>
Package pdftex.def Info: figuras/pud_logo_ifce.jpg  used on input line 90.
(pdftex.def)             Requested size: 143.77414pt x 56.9055pt.

Overfull \hbox (2.33794pt too wide) has occurred while \output is active
 [] 
 []

[115]
Overfull \hbox (3.68333pt too wide) in paragraph at lines 90--90
[]|\T1/cmr/m/n/10 1 --
 []


Overfull \hbox (3.68333pt too wide) in paragraph at lines 90--90
[]|\T1/cmr/m/n/10 2 --
 []


Overfull \hbox (3.68333pt too wide) in paragraph at lines 90--90
[]|\T1/cmr/m/n/10 3 --
 []


Overfull \hbox (3.68333pt too wide) in paragraph at lines 90--90
[]|\T1/cmr/m/n/10 1 --
 []


Overfull \hbox (3.68333pt too wide) in paragraph at lines 90--90
[]|\T1/cmr/m/n/10 2 --
 []


Overfull \hbox (3.68333pt too wide) in paragraph at lines 90--90
[]|\T1/cmr/m/n/10 3 --
 []


Overfull \hbox (3.68333pt too wide) in paragraph at lines 90--90
[]|\T1/cmr/m/n/10 4 --
 []


Overfull \hbox (3.68333pt too wide) in paragraph at lines 90--90
[]|\T1/cmr/m/n/10 5 --
 []

)
File: figuras/pud_logo_ifce.jpg Graphic file (type jpg)
<use figuras/pud_logo_ifce.jpg>
Package pdftex.def Info: figuras/pud_logo_ifce.jpg  used on input line 41.
(pdftex.def)             Requested size: 143.77414pt x 56.9055pt.

Overfull \hbox (2.33794pt too wide) has occurred while \output is active
 [] 
 []

[116] (./anexos/puds/S04-ACE-PUD-HST.tex
File: figuras/pud_logo_ifce.jpg Graphic file (type jpg)
<use figuras/pud_logo_ifce.jpg>
Package pdftex.def Info: figuras/pud_logo_ifce.jpg  used on input line 98.
(pdftex.def)             Requested size: 143.77414pt x 56.9055pt.

Overfull \hbox (2.33794pt too wide) has occurred while \output is active
 [] 
 []

[117]
Overfull \hbox (3.68333pt too wide) in paragraph at lines 98--98
[]|\T1/cmr/m/n/10 1 --
 []


Overfull \hbox (3.68333pt too wide) in paragraph at lines 98--98
[]|\T1/cmr/m/n/10 2 --
 []


Overfull \hbox (3.68333pt too wide) in paragraph at lines 98--98
[]|\T1/cmr/m/n/10 3 --
 []


Overfull \hbox (3.68333pt too wide) in paragraph at lines 98--98
[]|\T1/cmr/m/n/10 1 --
 []


Overfull \hbox (3.68333pt too wide) in paragraph at lines 98--98
[]|\T1/cmr/m/n/10 2 --
 []


Overfull \hbox (3.68333pt too wide) in paragraph at lines 98--98
[]|\T1/cmr/m/n/10 3 --
 []


Overfull \hbox (3.68333pt too wide) in paragraph at lines 98--98
[]|\T1/cmr/m/n/10 4 --
 []


Overfull \hbox (3.68333pt too wide) in paragraph at lines 98--98
[]|\T1/cmr/m/n/10 5 --
 []

)
File: figuras/pud_logo_ifce.jpg Graphic file (type jpg)
<use figuras/pud_logo_ifce.jpg>
Package pdftex.def Info: figuras/pud_logo_ifce.jpg  used on input line 43.
(pdftex.def)             Requested size: 143.77414pt x 56.9055pt.

Overfull \hbox (2.33794pt too wide) has occurred while \output is active
 [] 
 []

[118] (./anexos/puds/S04-ACE-PUD-Fisica3eletromagnetismo.tex
File: figuras/pud_logo_ifce.jpg Graphic file (type jpg)
<use figuras/pud_logo_ifce.jpg>
Package pdftex.def Info: figuras/pud_logo_ifce.jpg  used on input line 103.
(pdftex.def)             Requested size: 143.77414pt x 56.9055pt.

Overfull \hbox (2.33794pt too wide) has occurred while \output is active
 [] 
 []

[119]
Overfull \hbox (3.68333pt too wide) in paragraph at lines 103--103
[]|\T1/cmr/m/n/10 1 --
 []


Overfull \hbox (3.68333pt too wide) in paragraph at lines 103--103
[]|\T1/cmr/m/n/10 2 --
 []


Overfull \hbox (3.68333pt too wide) in paragraph at lines 103--103
[]|\T1/cmr/m/n/10 3 --
 []


Overfull \hbox (3.68333pt too wide) in paragraph at lines 103--103
[]|\T1/cmr/m/n/10 1 --
 []


Overfull \hbox (3.68333pt too wide) in paragraph at lines 103--103
[]|\T1/cmr/m/n/10 2 --
 []


Overfull \hbox (3.68333pt too wide) in paragraph at lines 103--103
[]|\T1/cmr/m/n/10 3 --
 []


Overfull \hbox (3.68333pt too wide) in paragraph at lines 103--103
[]|\T1/cmr/m/n/10 4 --
 []


Overfull \hbox (3.68333pt too wide) in paragraph at lines 103--103
[]|\T1/cmr/m/n/10 5 --
 []

)
File: figuras/pud_logo_ifce.jpg Graphic file (type jpg)
<use figuras/pud_logo_ifce.jpg>
Package pdftex.def Info: figuras/pud_logo_ifce.jpg  used on input line 45.
(pdftex.def)             Requested size: 143.77414pt x 56.9055pt.

Overfull \hbox (2.33794pt too wide) has occurred while \output is active
 [] 
 []

[120] (./anexos/puds/S04-ACE-PUD-MetodologiaCientificaeTecnologica.tex
File: figuras/pud_logo_ifce.jpg Graphic file (type jpg)
<use figuras/pud_logo_ifce.jpg>
Package pdftex.def Info: figuras/pud_logo_ifce.jpg  used on input line 106.
(pdftex.def)             Requested size: 143.77414pt x 56.9055pt.

Overfull \hbox (2.33794pt too wide) has occurred while \output is active
 [] 
 []

[121]
Overfull \hbox (3.68333pt too wide) in paragraph at lines 106--106
[]|\T1/cmr/m/n/10 1 --
 []


Overfull \hbox (3.68333pt too wide) in paragraph at lines 106--106
[]|\T1/cmr/m/n/10 2 --
 []


Overfull \hbox (3.68333pt too wide) in paragraph at lines 106--106
[]|\T1/cmr/m/n/10 3 --
 []


Overfull \hbox (3.68333pt too wide) in paragraph at lines 106--106
[]|\T1/cmr/m/n/10 1 --
 []


Overfull \hbox (3.68333pt too wide) in paragraph at lines 106--106
[]|\T1/cmr/m/n/10 2 --
 []


Overfull \hbox (3.68333pt too wide) in paragraph at lines 106--106
[]|\T1/cmr/m/n/10 3 --
 []


Overfull \hbox (3.68333pt too wide) in paragraph at lines 106--106
[]|\T1/cmr/m/n/10 4 --
 []


Overfull \hbox (3.68333pt too wide) in paragraph at lines 106--106
[]|\T1/cmr/m/n/10 5 --
 []


Overfull \hbox (3.68333pt too wide) in paragraph at lines 106--106
[]|\T1/cmr/m/n/10 6 --
 []

)
File: figuras/pud_logo_ifce.jpg Graphic file (type jpg)
<use figuras/pud_logo_ifce.jpg>
Package pdftex.def Info: figuras/pud_logo_ifce.jpg  used on input line 47.
(pdftex.def)             Requested size: 143.77414pt x 56.9055pt.

Overfull \hbox (2.33794pt too wide) has occurred while \output is active
 [] 
 []

[122] (./anexos/puds/S04-ECA-PUD-CircuitosEletricosI.tex
File: figuras/pud_logo_ifce.jpg Graphic file (type jpg)
<use figuras/pud_logo_ifce.jpg>
Package pdftex.def Info: figuras/pud_logo_ifce.jpg  used on input line 112.
(pdftex.def)             Requested size: 143.77414pt x 56.9055pt.

Overfull \hbox (2.33794pt too wide) has occurred while \output is active
 [] 
 []

[123]
Overfull \hbox (3.68333pt too wide) in paragraph at lines 112--112
[]|\T1/cmr/m/n/10 1 --
 []


Overfull \hbox (3.68333pt too wide) in paragraph at lines 112--112
[]|\T1/cmr/m/n/10 2 --
 []


Overfull \hbox (3.68333pt too wide) in paragraph at lines 112--112
[]|\T1/cmr/m/n/10 3 --
 []


Overfull \hbox (3.68333pt too wide) in paragraph at lines 112--112
[]|\T1/cmr/m/n/10 1 --
 []


Overfull \hbox (3.68333pt too wide) in paragraph at lines 112--112
[]|\T1/cmr/m/n/10 2 --
 []


Overfull \hbox (3.68333pt too wide) in paragraph at lines 112--112
[]|\T1/cmr/m/n/10 3 --
 []


Overfull \hbox (3.68333pt too wide) in paragraph at lines 112--112
[]|\T1/cmr/m/n/10 4 --
 []


Overfull \hbox (3.68333pt too wide) in paragraph at lines 112--112
[]|\T1/cmr/m/n/10 5 --
 []

)
File: figuras/pud_logo_ifce.jpg Graphic file (type jpg)
<use figuras/pud_logo_ifce.jpg>
Package pdftex.def Info: figuras/pud_logo_ifce.jpg  used on input line 49.
(pdftex.def)             Requested size: 143.77414pt x 56.9055pt.

Overfull \hbox (2.33794pt too wide) has occurred while \output is active
 [] 
 []

[124] (./anexos/puds/S04-ECA-PUD-MetodosNumericos.tex
File: figuras/pud_logo_ifce.jpg Graphic file (type jpg)
<use figuras/pud_logo_ifce.jpg>
Package pdftex.def Info: figuras/pud_logo_ifce.jpg  used on input line 136.
(pdftex.def)             Requested size: 143.77414pt x 56.9055pt.

Overfull \hbox (2.33794pt too wide) has occurred while \output is active
 [] 
 []

[125]
Overfull \hbox (3.68333pt too wide) in paragraph at lines 136--136
[]|\T1/cmr/m/n/10 1 --
 []


Overfull \hbox (3.68333pt too wide) in paragraph at lines 136--136
[]|\T1/cmr/m/n/10 2 --
 []


Overfull \hbox (3.68333pt too wide) in paragraph at lines 136--136
[]|\T1/cmr/m/n/10 3 --
 []


Overfull \hbox (3.68333pt too wide) in paragraph at lines 136--136
[]|\T1/cmr/m/n/10 1 --
 []


Overfull \hbox (3.68333pt too wide) in paragraph at lines 136--136
[]|\T1/cmr/m/n/10 2 --
 []


Overfull \hbox (3.68333pt too wide) in paragraph at lines 136--136
[]|\T1/cmr/m/n/10 3 --
 []


Overfull \hbox (3.68333pt too wide) in paragraph at lines 136--136
[]|\T1/cmr/m/n/10 4 --
 []


Overfull \hbox (3.68333pt too wide) in paragraph at lines 136--136
[]|\T1/cmr/m/n/10 5 --
 []

)
File: figuras/pud_logo_ifce.jpg Graphic file (type jpg)
<use figuras/pud_logo_ifce.jpg>
Package pdftex.def Info: figuras/pud_logo_ifce.jpg  used on input line 51.
(pdftex.def)             Requested size: 143.77414pt x 56.9055pt.

Overfull \hbox (2.33794pt too wide) has occurred while \output is active
 [] 
 []

[126] (./anexos/puds/S04-EME-PUD-MateriaisI.tex
Underfull \hbox (badness 2680) in paragraph at lines 112--112
[]|\T1/cmr/m/n/10 Ciência e en-ge-nha-ria de ma-te-ri-ais. Clas-si-fi-a-ca-ção 
dos ma-te-ri-ais. Ma-te-
 []

File: figuras/pud_logo_ifce.jpg Graphic file (type jpg)
<use figuras/pud_logo_ifce.jpg>
Package pdftex.def Info: figuras/pud_logo_ifce.jpg  used on input line 112.
(pdftex.def)             Requested size: 143.77414pt x 56.9055pt.

Overfull \hbox (2.33794pt too wide) has occurred while \output is active
 [] 
 []

[127]
Overfull \hbox (3.68333pt too wide) in paragraph at lines 112--112
[]|\T1/cmr/m/n/10 1 --
 []


Overfull \hbox (3.68333pt too wide) in paragraph at lines 112--112
[]|\T1/cmr/m/n/10 2 --
 []


Overfull \hbox (3.68333pt too wide) in paragraph at lines 112--112
[]|\T1/cmr/m/n/10 3 --
 []


Overfull \hbox (3.68333pt too wide) in paragraph at lines 112--112
[]|\T1/cmr/m/n/10 1 --
 []


Overfull \hbox (3.68333pt too wide) in paragraph at lines 112--112
[]|\T1/cmr/m/n/10 2 --
 []


Overfull \hbox (3.68333pt too wide) in paragraph at lines 112--112
[]|\T1/cmr/m/n/10 3 --
 []


Overfull \hbox (3.68333pt too wide) in paragraph at lines 112--112
[]|\T1/cmr/m/n/10 4 --
 []


Overfull \hbox (3.68333pt too wide) in paragraph at lines 112--112
[]|\T1/cmr/m/n/10 5 --
 []

)
File: figuras/pud_logo_ifce.jpg Graphic file (type jpg)
<use figuras/pud_logo_ifce.jpg>
Package pdftex.def Info: figuras/pud_logo_ifce.jpg  used on input line 53.
(pdftex.def)             Requested size: 143.77414pt x 56.9055pt.

Overfull \hbox (2.33794pt too wide) has occurred while \output is active
 [] 
 []

[128] (./anexos/puds/S05-ECA-PUD-EletronicaIIDig+AnalogicaAvancada.tex
File: figuras/pud_logo_ifce.jpg Graphic file (type jpg)
<use figuras/pud_logo_ifce.jpg>
Package pdftex.def Info: figuras/pud_logo_ifce.jpg  used on input line 86.
(pdftex.def)             Requested size: 143.77414pt x 56.9055pt.

Overfull \hbox (2.33794pt too wide) has occurred while \output is active
 [] 
 []

[129]
Overfull \hbox (3.68333pt too wide) in paragraph at lines 86--86
[]|\T1/cmr/m/n/10 1 --
 []


Overfull \hbox (3.68333pt too wide) in paragraph at lines 86--86
[]|\T1/cmr/m/n/10 2 --
 []


Overfull \hbox (3.68333pt too wide) in paragraph at lines 86--86
[]|\T1/cmr/m/n/10 3 --
 []


Overfull \hbox (3.68333pt too wide) in paragraph at lines 86--86
[]|\T1/cmr/m/n/10 1 --
 []


Overfull \hbox (3.68333pt too wide) in paragraph at lines 86--86
[]|\T1/cmr/m/n/10 2 --
 []


Overfull \hbox (3.68333pt too wide) in paragraph at lines 86--86
[]|\T1/cmr/m/n/10 3 --
 []


Overfull \hbox (3.68333pt too wide) in paragraph at lines 86--86
[]|\T1/cmr/m/n/10 4 --
 []

)
File: figuras/pud_logo_ifce.jpg Graphic file (type jpg)
<use figuras/pud_logo_ifce.jpg>
Package pdftex.def Info: figuras/pud_logo_ifce.jpg  used on input line 55.
(pdftex.def)             Requested size: 143.77414pt x 56.9055pt.

Overfull \hbox (2.33794pt too wide) has occurred while \output is active
 [] 
 []

[130] (./anexos/puds/S05-ECA-PUD-CircuitosEletricosII.tex
File: figuras/pud_logo_ifce.jpg Graphic file (type jpg)
<use figuras/pud_logo_ifce.jpg>
Package pdftex.def Info: figuras/pud_logo_ifce.jpg  used on input line 98.
(pdftex.def)             Requested size: 143.77414pt x 56.9055pt.

Overfull \hbox (2.33794pt too wide) has occurred while \output is active
 [] 
 []

[131]
Overfull \hbox (3.68333pt too wide) in paragraph at lines 98--98
[]|\T1/cmr/m/n/10 1 --
 []


Overfull \hbox (3.68333pt too wide) in paragraph at lines 98--98
[]|\T1/cmr/m/n/10 2 --
 []


Overfull \hbox (3.68333pt too wide) in paragraph at lines 98--98
[]|\T1/cmr/m/n/10 3 --
 []


Overfull \hbox (3.68333pt too wide) in paragraph at lines 98--98
[]|\T1/cmr/m/n/10 1 --
 []


Overfull \hbox (3.68333pt too wide) in paragraph at lines 98--98
[]|\T1/cmr/m/n/10 2 --
 []


Overfull \hbox (3.68333pt too wide) in paragraph at lines 98--98
[]|\T1/cmr/m/n/10 3 --
 []


Overfull \hbox (3.68333pt too wide) in paragraph at lines 98--98
[]|\T1/cmr/m/n/10 4 --
 []


Overfull \hbox (3.68333pt too wide) in paragraph at lines 98--98
[]|\T1/cmr/m/n/10 5 --
 []

)
File: figuras/pud_logo_ifce.jpg Graphic file (type jpg)
<use figuras/pud_logo_ifce.jpg>
Package pdftex.def Info: figuras/pud_logo_ifce.jpg  used on input line 57.
(pdftex.def)             Requested size: 143.77414pt x 56.9055pt.

Overfull \hbox (2.33794pt too wide) has occurred while \output is active
 [] 
 []

[132] (./anexos/puds/S05-ECA-PUD-Instrumentacao.tex
File: figuras/pud_logo_ifce.jpg Graphic file (type jpg)
<use figuras/pud_logo_ifce.jpg>
Package pdftex.def Info: figuras/pud_logo_ifce.jpg  used on input line 80.
(pdftex.def)             Requested size: 143.77414pt x 56.9055pt.

Overfull \hbox (2.33794pt too wide) has occurred while \output is active
 [] 
 []

[133]
Overfull \hbox (3.68333pt too wide) in paragraph at lines 80--80
[]|\T1/cmr/m/n/10 1 --
 []


Overfull \hbox (3.68333pt too wide) in paragraph at lines 80--80
[]|\T1/cmr/m/n/10 2 --
 []


Overfull \hbox (3.68333pt too wide) in paragraph at lines 80--80
[]|\T1/cmr/m/n/10 3 --
 []


Overfull \hbox (3.68333pt too wide) in paragraph at lines 80--80
[]|\T1/cmr/m/n/10 1 --
 []


Overfull \hbox (3.68333pt too wide) in paragraph at lines 80--80
[]|\T1/cmr/m/n/10 2 --
 []


Overfull \hbox (3.68333pt too wide) in paragraph at lines 80--80
[]|\T1/cmr/m/n/10 3 --
 []


Overfull \hbox (3.68333pt too wide) in paragraph at lines 80--80
[]|\T1/cmr/m/n/10 4 --
 []


Overfull \hbox (3.68333pt too wide) in paragraph at lines 80--80
[]|\T1/cmr/m/n/10 5 --
 []

)
File: figuras/pud_logo_ifce.jpg Graphic file (type jpg)
<use figuras/pud_logo_ifce.jpg>
Package pdftex.def Info: figuras/pud_logo_ifce.jpg  used on input line 59.
(pdftex.def)             Requested size: 143.77414pt x 56.9055pt.

Overfull \hbox (2.33794pt too wide) has occurred while \output is active
 [] 
 []

[134] (./anexos/puds/S05-ECA-PUD-SistemasLineares.tex
Overfull \hbox (3.68333pt too wide) in paragraph at lines 89--89
[]|\T1/cmr/m/n/10 1 --
 []


Overfull \hbox (3.68333pt too wide) in paragraph at lines 89--89
[]|\T1/cmr/m/n/10 2 --
 []


Overfull \hbox (3.68333pt too wide) in paragraph at lines 89--89
[]|\T1/cmr/m/n/10 3 --
 []

File: figuras/pud_logo_ifce.jpg Graphic file (type jpg)
<use figuras/pud_logo_ifce.jpg>
Package pdftex.def Info: figuras/pud_logo_ifce.jpg  used on input line 89.
(pdftex.def)             Requested size: 143.77414pt x 56.9055pt.

Overfull \hbox (2.33794pt too wide) has occurred while \output is active
 [] 
 []

[135]
Overfull \hbox (3.68333pt too wide) in paragraph at lines 89--89
[]|\T1/cmr/m/n/10 1 --
 []


Overfull \hbox (3.68333pt too wide) in paragraph at lines 89--89
[]|\T1/cmr/m/n/10 2 --
 []


Overfull \hbox (3.68333pt too wide) in paragraph at lines 89--89
[]|\T1/cmr/m/n/10 3 --
 []


Overfull \hbox (3.68333pt too wide) in paragraph at lines 89--89
[]|\T1/cmr/m/n/10 4 --
 []


Overfull \hbox (3.68333pt too wide) in paragraph at lines 89--89
[]|\T1/cmr/m/n/10 5 --
 []

)
File: figuras/pud_logo_ifce.jpg Graphic file (type jpg)
<use figuras/pud_logo_ifce.jpg>
Package pdftex.def Info: figuras/pud_logo_ifce.jpg  used on input line 61.
(pdftex.def)             Requested size: 143.77414pt x 56.9055pt.

Overfull \hbox (2.33794pt too wide) has occurred while \output is active
 [] 
 []

[136] (./anexos/puds/S05-EME-PUD-ResistenciadosMateriaisI.tex
Underfull \hbox (badness 2591) in paragraph at lines 106--106
[]|\T1/cmr/m/n/10 Propriedades Me-câ-ni-cas: O en-saio de tração-compressão, di
-a-grama tensão-
 []

File: figuras/pud_logo_ifce.jpg Graphic file (type jpg)
<use figuras/pud_logo_ifce.jpg>
Package pdftex.def Info: figuras/pud_logo_ifce.jpg  used on input line 106.
(pdftex.def)             Requested size: 143.77414pt x 56.9055pt.

Overfull \hbox (2.33794pt too wide) has occurred while \output is active
 [] 
 []

[137]
Overfull \hbox (3.68333pt too wide) in paragraph at lines 106--106
[]|\T1/cmr/m/n/10 1 --
 []


Overfull \hbox (3.68333pt too wide) in paragraph at lines 106--106
[]|\T1/cmr/m/n/10 2 --
 []


Overfull \hbox (3.68333pt too wide) in paragraph at lines 106--106
[]|\T1/cmr/m/n/10 3 --
 []


Overfull \hbox (3.68333pt too wide) in paragraph at lines 106--106
[]|\T1/cmr/m/n/10 1 --
 []


Overfull \hbox (3.68333pt too wide) in paragraph at lines 106--106
[]|\T1/cmr/m/n/10 2 --
 []


Overfull \hbox (3.68333pt too wide) in paragraph at lines 106--106
[]|\T1/cmr/m/n/10 3 --
 []


Overfull \hbox (3.68333pt too wide) in paragraph at lines 106--106
[]|\T1/cmr/m/n/10 4 --
 []


Overfull \hbox (3.68333pt too wide) in paragraph at lines 106--106
[]|\T1/cmr/m/n/10 5 --
 []

)
File: figuras/pud_logo_ifce.jpg Graphic file (type jpg)
<use figuras/pud_logo_ifce.jpg>
Package pdftex.def Info: figuras/pud_logo_ifce.jpg  used on input line 63.
(pdftex.def)             Requested size: 143.77414pt x 56.9055pt.

Overfull \hbox (2.33794pt too wide) has occurred while \output is active
 [] 
 []

[138] (./anexos/puds/S06-ECA-PUD-Microcontroladores.tex
File: figuras/pud_logo_ifce.jpg Graphic file (type jpg)
<use figuras/pud_logo_ifce.jpg>
Package pdftex.def Info: figuras/pud_logo_ifce.jpg  used on input line 89.
(pdftex.def)             Requested size: 143.77414pt x 56.9055pt.

Overfull \hbox (2.33794pt too wide) has occurred while \output is active
 [] 
 []

[139]
Overfull \hbox (3.68333pt too wide) in paragraph at lines 89--89
[]|\T1/cmr/m/n/10 1 --
 []


Overfull \hbox (3.68333pt too wide) in paragraph at lines 89--89
[]|\T1/cmr/m/n/10 2 --
 []


Overfull \hbox (3.68333pt too wide) in paragraph at lines 89--89
[]|\T1/cmr/m/n/10 3 --
 []


Overfull \hbox (3.68333pt too wide) in paragraph at lines 89--89
[]|\T1/cmr/m/n/10 1 --
 []


Overfull \hbox (3.68333pt too wide) in paragraph at lines 89--89
[]|\T1/cmr/m/n/10 2 --
 []


Overfull \hbox (3.68333pt too wide) in paragraph at lines 89--89
[]|\T1/cmr/m/n/10 3 --
 []


Overfull \hbox (3.68333pt too wide) in paragraph at lines 89--89
[]|\T1/cmr/m/n/10 4 --
 []


Overfull \hbox (3.68333pt too wide) in paragraph at lines 89--89
[]|\T1/cmr/m/n/10 5 --
 []

)
File: figuras/pud_logo_ifce.jpg Graphic file (type jpg)
<use figuras/pud_logo_ifce.jpg>
Package pdftex.def Info: figuras/pud_logo_ifce.jpg  used on input line 65.
(pdftex.def)             Requested size: 143.77414pt x 56.9055pt.

Overfull \hbox (2.33794pt too wide) has occurred while \output is active
 [] 
 []

[140] (./anexos/puds/S06-ECA-PUD-EletronicaIIIIndustrial.tex
File: figuras/pud_logo_ifce.jpg Graphic file (type jpg)
<use figuras/pud_logo_ifce.jpg>
Package pdftex.def Info: figuras/pud_logo_ifce.jpg  used on input line 98.
(pdftex.def)             Requested size: 143.77414pt x 56.9055pt.

Overfull \hbox (2.33794pt too wide) has occurred while \output is active
 [] 
 []

[141]
Overfull \hbox (3.68333pt too wide) in paragraph at lines 98--98
[]|\T1/cmr/m/n/10 1 --
 []


Overfull \hbox (3.68333pt too wide) in paragraph at lines 98--98
[]|\T1/cmr/m/n/10 2 --
 []


Overfull \hbox (3.68333pt too wide) in paragraph at lines 98--98
[]|\T1/cmr/m/n/10 3 --
 []


Overfull \hbox (3.68333pt too wide) in paragraph at lines 98--98
[]|\T1/cmr/m/n/10 1 --
 []


Overfull \hbox (3.68333pt too wide) in paragraph at lines 98--98
[]|\T1/cmr/m/n/10 2 --
 []


Overfull \hbox (3.68333pt too wide) in paragraph at lines 98--98
[]|\T1/cmr/m/n/10 3 --
 []


Overfull \hbox (3.68333pt too wide) in paragraph at lines 98--98
[]|\T1/cmr/m/n/10 4 --
 []


Overfull \hbox (3.68333pt too wide) in paragraph at lines 98--98
[]|\T1/cmr/m/n/10 5 --
 []

)
File: figuras/pud_logo_ifce.jpg Graphic file (type jpg)
<use figuras/pud_logo_ifce.jpg>
Package pdftex.def Info: figuras/pud_logo_ifce.jpg  used on input line 67.
(pdftex.def)             Requested size: 143.77414pt x 56.9055pt.

Overfull \hbox (2.33794pt too wide) has occurred while \output is active
 [] 
 []

[142] (./anexos/puds/S06-ECA-PUD-ControleIClassico.tex
File: figuras/pud_logo_ifce.jpg Graphic file (type jpg)
<use figuras/pud_logo_ifce.jpg>
Package pdftex.def Info: figuras/pud_logo_ifce.jpg  used on input line 118.
(pdftex.def)             Requested size: 143.77414pt x 56.9055pt.

Overfull \hbox (2.33794pt too wide) has occurred while \output is active
 [] 
 []

[143]
Overfull \hbox (3.68333pt too wide) in paragraph at lines 118--118
[]|\T1/cmr/m/n/10 1 --
 []


Overfull \hbox (3.68333pt too wide) in paragraph at lines 118--118
[]|\T1/cmr/m/n/10 2 --
 []


Overfull \hbox (3.68333pt too wide) in paragraph at lines 118--118
[]|\T1/cmr/m/n/10 3 --
 []


Overfull \hbox (3.68333pt too wide) in paragraph at lines 118--118
[]|\T1/cmr/m/n/10 1 --
 []


Overfull \hbox (3.68333pt too wide) in paragraph at lines 118--118
[]|\T1/cmr/m/n/10 2 --
 []


Overfull \hbox (3.68333pt too wide) in paragraph at lines 118--118
[]|\T1/cmr/m/n/10 3 --
 []


Overfull \hbox (3.68333pt too wide) in paragraph at lines 118--118
[]|\T1/cmr/m/n/10 4 --
 []


Overfull \hbox (3.68333pt too wide) in paragraph at lines 118--118
[]|\T1/cmr/m/n/10 5 --
 []


Overfull \hbox (3.68333pt too wide) in paragraph at lines 118--118
[]|\T1/cmr/m/n/10 6 --
 []

)
File: figuras/pud_logo_ifce.jpg Graphic file (type jpg)
<use figuras/pud_logo_ifce.jpg>
Package pdftex.def Info: figuras/pud_logo_ifce.jpg  used on input line 69.
(pdftex.def)             Requested size: 143.77414pt x 56.9055pt.

Overfull \hbox (2.33794pt too wide) has occurred while \output is active
 [] 
 []

[144] (./anexos/puds/S06-ECA-PUD-InstalacoesEletricas.tex
File: figuras/pud_logo_ifce.jpg Graphic file (type jpg)
<use figuras/pud_logo_ifce.jpg>
Package pdftex.def Info: figuras/pud_logo_ifce.jpg  used on input line 116.
(pdftex.def)             Requested size: 143.77414pt x 56.9055pt.

Overfull \hbox (2.33794pt too wide) has occurred while \output is active
 [] 
 []

[145]
Overfull \hbox (3.68333pt too wide) in paragraph at lines 116--116
[]|\T1/cmr/m/n/10 1 --
 []


Overfull \hbox (3.68333pt too wide) in paragraph at lines 116--116
[]|\T1/cmr/m/n/10 2 --
 []


Overfull \hbox (3.68333pt too wide) in paragraph at lines 116--116
[]|\T1/cmr/m/n/10 3 --
 []


Overfull \hbox (3.68333pt too wide) in paragraph at lines 116--116
[]|\T1/cmr/m/n/10 1 --
 []


Overfull \hbox (3.68333pt too wide) in paragraph at lines 116--116
[]|\T1/cmr/m/n/10 2 --
 []


Overfull \hbox (3.68333pt too wide) in paragraph at lines 116--116
[]|\T1/cmr/m/n/10 3 --
 []


Overfull \hbox (3.68333pt too wide) in paragraph at lines 116--116
[]|\T1/cmr/m/n/10 4 --
 []


Overfull \hbox (3.68333pt too wide) in paragraph at lines 116--116
[]|\T1/cmr/m/n/10 5 --
 []

)
File: figuras/pud_logo_ifce.jpg Graphic file (type jpg)
<use figuras/pud_logo_ifce.jpg>
Package pdftex.def Info: figuras/pud_logo_ifce.jpg  used on input line 71.
(pdftex.def)             Requested size: 143.77414pt x 56.9055pt.

Overfull \hbox (2.33794pt too wide) has occurred while \output is active
 [] 
 []

[146] (./anexos/puds/S07-ACE-PUD-EticaeCidadania.tex
File: figuras/pud_logo_ifce.jpg Graphic file (type jpg)
<use figuras/pud_logo_ifce.jpg>
Package pdftex.def Info: figuras/pud_logo_ifce.jpg  used on input line 94.
(pdftex.def)             Requested size: 143.77414pt x 56.9055pt.

Overfull \hbox (2.33794pt too wide) has occurred while \output is active
 [] 
 []

[147]
Overfull \hbox (3.68333pt too wide) in paragraph at lines 94--94
[]|\T1/cmr/m/n/10 1 --
 []


Overfull \hbox (3.68333pt too wide) in paragraph at lines 94--94
[]|\T1/cmr/m/n/10 2 --
 []


Overfull \hbox (3.68333pt too wide) in paragraph at lines 94--94
[]|\T1/cmr/m/n/10 3 --
 []


Overfull \hbox (3.68333pt too wide) in paragraph at lines 94--94
[]|\T1/cmr/m/n/10 1 --
 []


Overfull \hbox (3.68333pt too wide) in paragraph at lines 94--94
[]|\T1/cmr/m/n/10 2 --
 []


Overfull \hbox (3.68333pt too wide) in paragraph at lines 94--94
[]|\T1/cmr/m/n/10 3 --
 []


Overfull \hbox (3.68333pt too wide) in paragraph at lines 94--94
[]|\T1/cmr/m/n/10 4 --
 []


Overfull \hbox (3.68333pt too wide) in paragraph at lines 94--94
[]|\T1/cmr/m/n/10 5 --
 []

)
File: figuras/pud_logo_ifce.jpg Graphic file (type jpg)
<use figuras/pud_logo_ifce.jpg>
Package pdftex.def Info: figuras/pud_logo_ifce.jpg  used on input line 73.
(pdftex.def)             Requested size: 143.77414pt x 56.9055pt.

Overfull \hbox (2.33794pt too wide) has occurred while \output is active
 [] 
 []

[148] (./anexos/puds/S07-ECA-PUD-AcionamentosHidraulicosePneumaticos.tex
File: figuras/pud_logo_ifce.jpg Graphic file (type jpg)
<use figuras/pud_logo_ifce.jpg>
Package pdftex.def Info: figuras/pud_logo_ifce.jpg  used on input line 119.
(pdftex.def)             Requested size: 143.77414pt x 56.9055pt.

Overfull \hbox (2.33794pt too wide) has occurred while \output is active
 [] 
 []

[149]
Overfull \hbox (3.68333pt too wide) in paragraph at lines 119--119
[]|\T1/cmr/m/n/10 1 --
 []


Overfull \hbox (3.68333pt too wide) in paragraph at lines 119--119
[]|\T1/cmr/m/n/10 2 --
 []


Overfull \hbox (3.68333pt too wide) in paragraph at lines 119--119
[]|\T1/cmr/m/n/10 3 --
 []


Overfull \hbox (3.68333pt too wide) in paragraph at lines 119--119
[]|\T1/cmr/m/n/10 1 --
 []


Overfull \hbox (3.68333pt too wide) in paragraph at lines 119--119
[]|\T1/cmr/m/n/10 2 --
 []


Overfull \hbox (3.68333pt too wide) in paragraph at lines 119--119
[]|\T1/cmr/m/n/10 3 --
 []


Overfull \hbox (3.68333pt too wide) in paragraph at lines 119--119
[]|\T1/cmr/m/n/10 4 --
 []


Overfull \hbox (3.68333pt too wide) in paragraph at lines 119--119
[]|\T1/cmr/m/n/10 5 --
 []

)
File: figuras/pud_logo_ifce.jpg Graphic file (type jpg)
<use figuras/pud_logo_ifce.jpg>
Package pdftex.def Info: figuras/pud_logo_ifce.jpg  used on input line 75.
(pdftex.def)             Requested size: 143.77414pt x 56.9055pt.

Overfull \hbox (2.33794pt too wide) has occurred while \output is active
 [] 
 []

[150] (./anexos/puds/S07-ECA-PUD-ProcessamentoDigitaldeSinaisPDS.tex
File: figuras/pud_logo_ifce.jpg Graphic file (type jpg)
<use figuras/pud_logo_ifce.jpg>
Package pdftex.def Info: figuras/pud_logo_ifce.jpg  used on input line 88.
(pdftex.def)             Requested size: 143.77414pt x 56.9055pt.

Overfull \hbox (2.33794pt too wide) has occurred while \output is active
 [] 
 []

[151]
Overfull \hbox (3.68333pt too wide) in paragraph at lines 88--88
[]|\T1/cmr/m/n/10 1 --
 []


Overfull \hbox (3.68333pt too wide) in paragraph at lines 88--88
[]|\T1/cmr/m/n/10 2 --
 []


Overfull \hbox (3.68333pt too wide) in paragraph at lines 88--88
[]|\T1/cmr/m/n/10 3 --
 []


Overfull \hbox (3.68333pt too wide) in paragraph at lines 88--88
[]|\T1/cmr/m/n/10 1 --
 []


Overfull \hbox (3.68333pt too wide) in paragraph at lines 88--88
[]|\T1/cmr/m/n/10 2 --
 []


Overfull \hbox (3.68333pt too wide) in paragraph at lines 88--88
[]|\T1/cmr/m/n/10 3 --
 []


Overfull \hbox (3.68333pt too wide) in paragraph at lines 88--88
[]|\T1/cmr/m/n/10 4 --
 []


Overfull \hbox (3.68333pt too wide) in paragraph at lines 88--88
[]|\T1/cmr/m/n/10 5 --
 []

)
File: figuras/pud_logo_ifce.jpg Graphic file (type jpg)
<use figuras/pud_logo_ifce.jpg>
Package pdftex.def Info: figuras/pud_logo_ifce.jpg  used on input line 77.
(pdftex.def)             Requested size: 143.77414pt x 56.9055pt.

Overfull \hbox (2.33794pt too wide) has occurred while \output is active
 [] 
 []

[152] (./anexos/puds/S07-ECA-PUD-ControladoresLogicosProgramaveisCLP.tex
File: figuras/pud_logo_ifce.jpg Graphic file (type jpg)
<use figuras/pud_logo_ifce.jpg>
Package pdftex.def Info: figuras/pud_logo_ifce.jpg  used on input line 94.
(pdftex.def)             Requested size: 143.77414pt x 56.9055pt.

Overfull \hbox (2.33794pt too wide) has occurred while \output is active
 [] 
 []

[153]
Overfull \hbox (3.68333pt too wide) in paragraph at lines 94--94
[]|\T1/cmr/m/n/10 1 --
 []


Overfull \hbox (3.68333pt too wide) in paragraph at lines 94--94
[]|\T1/cmr/m/n/10 2 --
 []


Overfull \hbox (3.68333pt too wide) in paragraph at lines 94--94
[]|\T1/cmr/m/n/10 3 --
 []


Overfull \hbox (3.68333pt too wide) in paragraph at lines 94--94
[]|\T1/cmr/m/n/10 1 --
 []


Overfull \hbox (3.68333pt too wide) in paragraph at lines 94--94
[]|\T1/cmr/m/n/10 2 --
 []


Overfull \hbox (3.68333pt too wide) in paragraph at lines 94--94
[]|\T1/cmr/m/n/10 3 --
 []


Overfull \hbox (3.68333pt too wide) in paragraph at lines 94--94
[]|\T1/cmr/m/n/10 4 --
 []


Overfull \hbox (3.68333pt too wide) in paragraph at lines 94--94
[]|\T1/cmr/m/n/10 5 --
 []

)
File: figuras/pud_logo_ifce.jpg Graphic file (type jpg)
<use figuras/pud_logo_ifce.jpg>
Package pdftex.def Info: figuras/pud_logo_ifce.jpg  used on input line 79.
(pdftex.def)             Requested size: 143.77414pt x 56.9055pt.

Overfull \hbox (2.33794pt too wide) has occurred while \output is active
 [] 
 []

[154] (./anexos/puds/S07-ECA-PUD-MaquinasEletricas.tex
Overfull \hbox (3.68333pt too wide) in paragraph at lines 96--96
[]|\T1/cmr/m/n/10 1 --
 []


Overfull \hbox (3.68333pt too wide) in paragraph at lines 96--96
[]|\T1/cmr/m/n/10 2 --
 []


Overfull \hbox (3.68333pt too wide) in paragraph at lines 96--96
[]|\T1/cmr/m/n/10 3 --
 []

File: figuras/pud_logo_ifce.jpg Graphic file (type jpg)
<use figuras/pud_logo_ifce.jpg>
Package pdftex.def Info: figuras/pud_logo_ifce.jpg  used on input line 96.
(pdftex.def)             Requested size: 143.77414pt x 56.9055pt.

Overfull \hbox (2.33794pt too wide) has occurred while \output is active
 [] 
 []

[155]
Overfull \hbox (3.68333pt too wide) in paragraph at lines 96--96
[]|\T1/cmr/m/n/10 1 --
 []


Overfull \hbox (3.68333pt too wide) in paragraph at lines 96--96
[]|\T1/cmr/m/n/10 2 --
 []


Overfull \hbox (3.68333pt too wide) in paragraph at lines 96--96
[]|\T1/cmr/m/n/10 3 --
 []


Overfull \hbox (3.68333pt too wide) in paragraph at lines 96--96
[]|\T1/cmr/m/n/10 4 --
 []


Overfull \hbox (3.68333pt too wide) in paragraph at lines 96--96
[]|\T1/cmr/m/n/10 5 --
 []

)
File: figuras/pud_logo_ifce.jpg Graphic file (type jpg)
<use figuras/pud_logo_ifce.jpg>
Package pdftex.def Info: figuras/pud_logo_ifce.jpg  used on input line 81.
(pdftex.def)             Requested size: 143.77414pt x 56.9055pt.

Overfull \hbox (2.33794pt too wide) has occurred while \output is active
 [] 
 []

[156] (./anexos/puds/S08-ACE-PUD-Empreendedorismo.tex
File: figuras/pud_logo_ifce.jpg Graphic file (type jpg)
<use figuras/pud_logo_ifce.jpg>
Package pdftex.def Info: figuras/pud_logo_ifce.jpg  used on input line 89.
(pdftex.def)             Requested size: 143.77414pt x 56.9055pt.

Overfull \hbox (2.33794pt too wide) has occurred while \output is active
 [] 
 []

[157]
Overfull \hbox (3.68333pt too wide) in paragraph at lines 89--89
[]|\T1/cmr/m/n/10 1 --
 []


Overfull \hbox (3.68333pt too wide) in paragraph at lines 89--89
[]|\T1/cmr/m/n/10 2 --
 []


Overfull \hbox (3.68333pt too wide) in paragraph at lines 89--89
[]|\T1/cmr/m/n/10 3 --
 []


Overfull \hbox (3.68333pt too wide) in paragraph at lines 89--89
[]|\T1/cmr/m/n/10 1 --
 []


Overfull \hbox (3.68333pt too wide) in paragraph at lines 89--89
[]|\T1/cmr/m/n/10 2 --
 []


Overfull \hbox (3.68333pt too wide) in paragraph at lines 89--89
[]|\T1/cmr/m/n/10 3 --
 []


Overfull \hbox (3.68333pt too wide) in paragraph at lines 89--89
[]|\T1/cmr/m/n/10 4 --
 []


Overfull \hbox (3.68333pt too wide) in paragraph at lines 89--89
[]|\T1/cmr/m/n/10 5 --
 []

)
File: figuras/pud_logo_ifce.jpg Graphic file (type jpg)
<use figuras/pud_logo_ifce.jpg>
Package pdftex.def Info: figuras/pud_logo_ifce.jpg  used on input line 85.
(pdftex.def)             Requested size: 143.77414pt x 56.9055pt.

Overfull \hbox (2.33794pt too wide) has occurred while \output is active
 [] 
 []

[158] (./anexos/puds/S08-ECA-PUD-AcionamentodeMaquinas.tex
File: figuras/pud_logo_ifce.jpg Graphic file (type jpg)
<use figuras/pud_logo_ifce.jpg>
Package pdftex.def Info: figuras/pud_logo_ifce.jpg  used on input line 111.
(pdftex.def)             Requested size: 143.77414pt x 56.9055pt.

Overfull \hbox (2.33794pt too wide) has occurred while \output is active
 [] 
 []

[159]
Overfull \hbox (3.68333pt too wide) in paragraph at lines 111--111
[]|\T1/cmr/m/n/10 1 --
 []


Overfull \hbox (3.68333pt too wide) in paragraph at lines 111--111
[]|\T1/cmr/m/n/10 2 --
 []


Overfull \hbox (3.68333pt too wide) in paragraph at lines 111--111
[]|\T1/cmr/m/n/10 3 --
 []


Overfull \hbox (3.68333pt too wide) in paragraph at lines 111--111
[]|\T1/cmr/m/n/10 1 --
 []


Overfull \hbox (3.68333pt too wide) in paragraph at lines 111--111
[]|\T1/cmr/m/n/10 2 --
 []


Overfull \hbox (3.68333pt too wide) in paragraph at lines 111--111
[]|\T1/cmr/m/n/10 3 --
 []


Overfull \hbox (3.68333pt too wide) in paragraph at lines 111--111
[]|\T1/cmr/m/n/10 4 --
 []


Overfull \hbox (3.68333pt too wide) in paragraph at lines 111--111
[]|\T1/cmr/m/n/10 5 --
 []

)
File: figuras/pud_logo_ifce.jpg Graphic file (type jpg)
<use figuras/pud_logo_ifce.jpg>
Package pdftex.def Info: figuras/pud_logo_ifce.jpg  used on input line 87.
(pdftex.def)             Requested size: 143.77414pt x 56.9055pt.

Overfull \hbox (2.33794pt too wide) has occurred while \output is active
 [] 
 []

[160] (./anexos/puds/S08-ECA-PUD-ControleIIDiscreto.tex
File: figuras/pud_logo_ifce.jpg Graphic file (type jpg)
<use figuras/pud_logo_ifce.jpg>
Package pdftex.def Info: figuras/pud_logo_ifce.jpg  used on input line 91.
(pdftex.def)             Requested size: 143.77414pt x 56.9055pt.

Overfull \hbox (2.33794pt too wide) has occurred while \output is active
 [] 
 []

[161]
Overfull \hbox (3.68333pt too wide) in paragraph at lines 91--91
[]|\T1/cmr/m/n/10 1 --
 []


Overfull \hbox (3.68333pt too wide) in paragraph at lines 91--91
[]|\T1/cmr/m/n/10 2 --
 []


Overfull \hbox (3.68333pt too wide) in paragraph at lines 91--91
[]|\T1/cmr/m/n/10 3 --
 []


Overfull \hbox (3.68333pt too wide) in paragraph at lines 91--91
[]|\T1/cmr/m/n/10 1 --
 []


Overfull \hbox (3.68333pt too wide) in paragraph at lines 91--91
[]|\T1/cmr/m/n/10 2 --
 []


Overfull \hbox (3.68333pt too wide) in paragraph at lines 91--91
[]|\T1/cmr/m/n/10 3 --
 []


Overfull \hbox (3.68333pt too wide) in paragraph at lines 91--91
[]|\T1/cmr/m/n/10 4 --
 []


Overfull \hbox (3.68333pt too wide) in paragraph at lines 91--91
[]|\T1/cmr/m/n/10 5 --
 []

)
File: figuras/pud_logo_ifce.jpg Graphic file (type jpg)
<use figuras/pud_logo_ifce.jpg>
Package pdftex.def Info: figuras/pud_logo_ifce.jpg  used on input line 89.
(pdftex.def)             Requested size: 143.77414pt x 56.9055pt.

Overfull \hbox (2.33794pt too wide) has occurred while \output is active
 [] 
 []

[162] (./anexos/puds/S08-ECA-PUD-DispositivosPerifericos.tex
Overfull \hbox (3.68333pt too wide) in paragraph at lines 87--87
[]|\T1/cmr/m/n/10 1 --
 []


Overfull \hbox (3.68333pt too wide) in paragraph at lines 87--87
[]|\T1/cmr/m/n/10 2 --
 []


Overfull \hbox (3.68333pt too wide) in paragraph at lines 87--87
[]|\T1/cmr/m/n/10 3 --
 []

File: figuras/pud_logo_ifce.jpg Graphic file (type jpg)
<use figuras/pud_logo_ifce.jpg>
Package pdftex.def Info: figuras/pud_logo_ifce.jpg  used on input line 87.
(pdftex.def)             Requested size: 143.77414pt x 56.9055pt.

Overfull \hbox (2.33794pt too wide) has occurred while \output is active
 [] 
 []

[163]
Overfull \hbox (3.68333pt too wide) in paragraph at lines 87--87
[]|\T1/cmr/m/n/10 1 --
 []


Overfull \hbox (3.68333pt too wide) in paragraph at lines 87--87
[]|\T1/cmr/m/n/10 2 --
 []


Overfull \hbox (3.68333pt too wide) in paragraph at lines 87--87
[]|\T1/cmr/m/n/10 3 --
 []


Overfull \hbox (3.68333pt too wide) in paragraph at lines 87--87
[]|\T1/cmr/m/n/10 4 --
 []


Overfull \hbox (3.68333pt too wide) in paragraph at lines 87--87
[]|\T1/cmr/m/n/10 5 --
 []

)
File: figuras/pud_logo_ifce.jpg Graphic file (type jpg)
<use figuras/pud_logo_ifce.jpg>
Package pdftex.def Info: figuras/pud_logo_ifce.jpg  used on input line 93.
(pdftex.def)             Requested size: 143.77414pt x 56.9055pt.

Overfull \hbox (2.33794pt too wide) has occurred while \output is active
 [] 
 []

[164] (./anexos/puds/S09-ECA-PUD-SistemasDigitaisdeControleDistribuidoSDCD.tex
File: figuras/pud_logo_ifce.jpg Graphic file (type jpg)
<use figuras/pud_logo_ifce.jpg>
Package pdftex.def Info: figuras/pud_logo_ifce.jpg  used on input line 105.
(pdftex.def)             Requested size: 143.77414pt x 56.9055pt.

Overfull \hbox (2.33794pt too wide) has occurred while \output is active
 [] 
 []

[165]
Overfull \hbox (3.68333pt too wide) in paragraph at lines 105--105
[]|\T1/cmr/m/n/10 1 --
 []


Overfull \hbox (3.68333pt too wide) in paragraph at lines 105--105
[]|\T1/cmr/m/n/10 2 --
 []


Overfull \hbox (3.68333pt too wide) in paragraph at lines 105--105
[]|\T1/cmr/m/n/10 3 --
 []


Overfull \hbox (3.68333pt too wide) in paragraph at lines 105--105
[]|\T1/cmr/m/n/10 1 --
 []


Overfull \hbox (3.68333pt too wide) in paragraph at lines 105--105
[]|\T1/cmr/m/n/10 2 --
 []


Overfull \hbox (3.68333pt too wide) in paragraph at lines 105--105
[]|\T1/cmr/m/n/10 3 --
 []


Overfull \hbox (3.68333pt too wide) in paragraph at lines 105--105
[]|\T1/cmr/m/n/10 4 --
 []


Overfull \hbox (3.68333pt too wide) in paragraph at lines 105--105
[]|\T1/cmr/m/n/10 5 --
 []

)
File: figuras/pud_logo_ifce.jpg Graphic file (type jpg)
<use figuras/pud_logo_ifce.jpg>
Package pdftex.def Info: figuras/pud_logo_ifce.jpg  used on input line 95.
(pdftex.def)             Requested size: 143.77414pt x 56.9055pt.

Overfull \hbox (2.33794pt too wide) has occurred while \output is active
 [] 
 []

[166] (./anexos/puds/S09-ECA-PUD-RoboticaIMovel.tex
Overfull \hbox (3.68333pt too wide) in paragraph at lines 99--99
[]|\T1/cmr/m/n/10 1 --
 []


Overfull \hbox (3.68333pt too wide) in paragraph at lines 99--99
[]|\T1/cmr/m/n/10 2 --
 []


Overfull \hbox (3.68333pt too wide) in paragraph at lines 99--99
[]|\T1/cmr/m/n/10 3 --
 []

File: figuras/pud_logo_ifce.jpg Graphic file (type jpg)
<use figuras/pud_logo_ifce.jpg>
Package pdftex.def Info: figuras/pud_logo_ifce.jpg  used on input line 99.
(pdftex.def)             Requested size: 143.77414pt x 56.9055pt.

Overfull \hbox (2.33794pt too wide) has occurred while \output is active
 [] 
 []

[167]
Overfull \hbox (3.68333pt too wide) in paragraph at lines 99--99
[]|\T1/cmr/m/n/10 1 --
 []


Overfull \hbox (3.68333pt too wide) in paragraph at lines 99--99
[]|\T1/cmr/m/n/10 2 --
 []


Overfull \hbox (3.68333pt too wide) in paragraph at lines 99--99
[]|\T1/cmr/m/n/10 3 --
 []


Overfull \hbox (3.68333pt too wide) in paragraph at lines 99--99
[]|\T1/cmr/m/n/10 4 --
 []


Overfull \hbox (3.68333pt too wide) in paragraph at lines 99--99
[]|\T1/cmr/m/n/10 5 --
 []

)
File: figuras/pud_logo_ifce.jpg Graphic file (type jpg)
<use figuras/pud_logo_ifce.jpg>
Package pdftex.def Info: figuras/pud_logo_ifce.jpg  used on input line 97.
(pdftex.def)             Requested size: 143.77414pt x 56.9055pt.

Overfull \hbox (2.33794pt too wide) has occurred while \output is active
 [] 
 []

[168] (./anexos/puds/S09-EME-PUD-ManufaturaAuxiliadaporComputadorCAMCNC.tex
Overfull \hbox (3.68333pt too wide) in paragraph at lines 113--113
[]|\T1/cmr/m/n/10 1 --
 []


Overfull \hbox (3.68333pt too wide) in paragraph at lines 113--113
[]|\T1/cmr/m/n/10 2 --
 []


Overfull \hbox (3.68333pt too wide) in paragraph at lines 113--113
[]|\T1/cmr/m/n/10 3 --
 []

File: figuras/pud_logo_ifce.jpg Graphic file (type jpg)
<use figuras/pud_logo_ifce.jpg>
Package pdftex.def Info: figuras/pud_logo_ifce.jpg  used on input line 113.
(pdftex.def)             Requested size: 143.77414pt x 56.9055pt.

Overfull \hbox (2.33794pt too wide) has occurred while \output is active
 [] 
 []

[169]
Overfull \hbox (3.68333pt too wide) in paragraph at lines 113--113
[]|\T1/cmr/m/n/10 1 --
 []


Overfull \hbox (3.68333pt too wide) in paragraph at lines 113--113
[]|\T1/cmr/m/n/10 2 --
 []


Overfull \hbox (3.68333pt too wide) in paragraph at lines 113--113
[]|\T1/cmr/m/n/10 3 --
 []


Overfull \hbox (3.68333pt too wide) in paragraph at lines 113--113
[]|\T1/cmr/m/n/10 4 --
 []


Overfull \hbox (3.68333pt too wide) in paragraph at lines 113--113
[]|\T1/cmr/m/n/10 5 --
 []

)
File: figuras/pud_logo_ifce.jpg Graphic file (type jpg)
<use figuras/pud_logo_ifce.jpg>
Package pdftex.def Info: figuras/pud_logo_ifce.jpg  used on input line 99.
(pdftex.def)             Requested size: 143.77414pt x 56.9055pt.

Overfull \hbox (2.33794pt too wide) has occurred while \output is active
 [] 
 []

[170] (./anexos/puds/S10-ACE-PUD-ProjetosSociais.tex
File: figuras/pud_logo_ifce.jpg Graphic file (type jpg)
<use figuras/pud_logo_ifce.jpg>
Package pdftex.def Info: figuras/pud_logo_ifce.jpg  used on input line 89.
(pdftex.def)             Requested size: 143.77414pt x 56.9055pt.

Overfull \hbox (2.33794pt too wide) has occurred while \output is active
 [] 
 []

[171]
Overfull \hbox (3.68333pt too wide) in paragraph at lines 89--89
[]|\T1/cmr/m/n/10 1 --
 []


Overfull \hbox (3.68333pt too wide) in paragraph at lines 89--89
[]|\T1/cmr/m/n/10 2 --
 []


Overfull \hbox (3.68333pt too wide) in paragraph at lines 89--89
[]|\T1/cmr/m/n/10 3 --
 []


Overfull \hbox (3.68333pt too wide) in paragraph at lines 89--89
[]|\T1/cmr/m/n/10 1 --
 []


Overfull \hbox (3.68333pt too wide) in paragraph at lines 89--89
[]|\T1/cmr/m/n/10 2 --
 []


Overfull \hbox (3.68333pt too wide) in paragraph at lines 89--89
[]|\T1/cmr/m/n/10 3 --
 []


Overfull \hbox (3.68333pt too wide) in paragraph at lines 89--89
[]|\T1/cmr/m/n/10 4 --
 []


Overfull \hbox (3.68333pt too wide) in paragraph at lines 89--89
[]|\T1/cmr/m/n/10 5 --
 []


Overfull \hbox (3.68333pt too wide) in paragraph at lines 89--89
[]|\T1/cmr/m/n/10 6 --
 []


Overfull \hbox (3.68333pt too wide) in paragraph at lines 89--89
[]|\T1/cmr/m/n/10 7 --
 []

)
File: figuras/pud_logo_ifce.jpg Graphic file (type jpg)
<use figuras/pud_logo_ifce.jpg>
Package pdftex.def Info: figuras/pud_logo_ifce.jpg  used on input line 101.
(pdftex.def)             Requested size: 143.77414pt x 56.9055pt.

Overfull \hbox (2.33794pt too wide) has occurred while \output is active
 [] 
 []

[172] (./anexos/puds/S10-ACE-PUD-TCC.tex
Overfull \hbox (3.68333pt too wide) in paragraph at lines 79--79
[]|\T1/cmr/m/n/10 1 --
 []


Overfull \hbox (3.68333pt too wide) in paragraph at lines 79--79
[]|\T1/cmr/m/n/10 2 --
 []


Overfull \hbox (3.68333pt too wide) in paragraph at lines 79--79
[]|\T1/cmr/m/n/10 3 --
 []

File: figuras/pud_logo_ifce.jpg Graphic file (type jpg)
<use figuras/pud_logo_ifce.jpg>
Package pdftex.def Info: figuras/pud_logo_ifce.jpg  used on input line 79.
(pdftex.def)             Requested size: 143.77414pt x 56.9055pt.

Overfull \hbox (2.33794pt too wide) has occurred while \output is active
 [] 
 []

[173]
Overfull \hbox (3.68333pt too wide) in paragraph at lines 79--79
[]|\T1/cmr/m/n/10 1 --
 []


Overfull \hbox (3.68333pt too wide) in paragraph at lines 79--79
[]|\T1/cmr/m/n/10 2 --
 []


Overfull \hbox (3.68333pt too wide) in paragraph at lines 79--79
[]|\T1/cmr/m/n/10 3 --
 []


Overfull \hbox (3.68333pt too wide) in paragraph at lines 79--79
[]|\T1/cmr/m/n/10 4 --
 []


Overfull \hbox (3.68333pt too wide) in paragraph at lines 79--79
[]|\T1/cmr/m/n/10 5 --
 []

)
File: figuras/pud_logo_ifce.jpg Graphic file (type jpg)
<use figuras/pud_logo_ifce.jpg>
Package pdftex.def Info: figuras/pud_logo_ifce.jpg  used on input line 103.
(pdftex.def)             Requested size: 143.77414pt x 56.9055pt.

Overfull \hbox (2.33794pt too wide) has occurred while \output is active
 [] 
 []

[174] (./anexos/puds/S10-EME-PUD-GestaoeControledaQualidade.tex
File: figuras/pud_logo_ifce.jpg Graphic file (type jpg)
<use figuras/pud_logo_ifce.jpg>
Package pdftex.def Info: figuras/pud_logo_ifce.jpg  used on input line 107.
(pdftex.def)             Requested size: 143.77414pt x 56.9055pt.

Overfull \hbox (2.33794pt too wide) has occurred while \output is active
 [] 
 []

[175]
Overfull \hbox (3.68333pt too wide) in paragraph at lines 107--107
[]|\T1/cmr/m/n/10 1 --
 []


Overfull \hbox (3.68333pt too wide) in paragraph at lines 107--107
[]|\T1/cmr/m/n/10 2 --
 []


Overfull \hbox (3.68333pt too wide) in paragraph at lines 107--107
[]|\T1/cmr/m/n/10 3 --
 []


Overfull \hbox (3.68333pt too wide) in paragraph at lines 107--107
[]|\T1/cmr/m/n/10 1 --
 []


Overfull \hbox (3.68333pt too wide) in paragraph at lines 107--107
[]|\T1/cmr/m/n/10 2 --
 []


Overfull \hbox (3.68333pt too wide) in paragraph at lines 107--107
[]|\T1/cmr/m/n/10 3 --
 []


Overfull \hbox (3.68333pt too wide) in paragraph at lines 107--107
[]|\T1/cmr/m/n/10 4 --
 []


Overfull \hbox (3.68333pt too wide) in paragraph at lines 107--107
[]|\T1/cmr/m/n/10 5 --
 []

)
File: figuras/pud_logo_ifce.jpg Graphic file (type jpg)
<use figuras/pud_logo_ifce.jpg>
Package pdftex.def Info: figuras/pud_logo_ifce.jpg  used on input line 105.
(pdftex.def)             Requested size: 143.77414pt x 56.9055pt.

Overfull \hbox (2.33794pt too wide) has occurred while \output is active
 [] 
 []

[176] (./anexos/puds/S10-EME-PUD-GestaodaManutencaoIndustrial.tex
File: figuras/pud_logo_ifce.jpg Graphic file (type jpg)
<use figuras/pud_logo_ifce.jpg>
Package pdftex.def Info: figuras/pud_logo_ifce.jpg  used on input line 95.
(pdftex.def)             Requested size: 143.77414pt x 56.9055pt.

Overfull \hbox (2.33794pt too wide) has occurred while \output is active
 [] 
 []

[177]
Overfull \hbox (3.68333pt too wide) in paragraph at lines 95--95
[]|\T1/cmr/m/n/10 1 --
 []


Overfull \hbox (3.68333pt too wide) in paragraph at lines 95--95
[]|\T1/cmr/m/n/10 2 --
 []


Overfull \hbox (3.68333pt too wide) in paragraph at lines 95--95
[]|\T1/cmr/m/n/10 3 --
 []


Overfull \hbox (3.68333pt too wide) in paragraph at lines 95--95
[]|\T1/cmr/m/n/10 1 --
 []


Overfull \hbox (3.68333pt too wide) in paragraph at lines 95--95
[]|\T1/cmr/m/n/10 2 --
 []


Overfull \hbox (3.68333pt too wide) in paragraph at lines 95--95
[]|\T1/cmr/m/n/10 3 --
 []


Overfull \hbox (3.68333pt too wide) in paragraph at lines 95--95
[]|\T1/cmr/m/n/10 4 --
 []


Overfull \hbox (3.68333pt too wide) in paragraph at lines 95--95
[]|\T1/cmr/m/n/10 5 --
 []

)
File: figuras/pud_logo_ifce.jpg Graphic file (type jpg)
<use figuras/pud_logo_ifce.jpg>
Package pdftex.def Info: figuras/pud_logo_ifce.jpg  used on input line 107.
(pdftex.def)             Requested size: 143.77414pt x 56.9055pt.

Overfull \hbox (2.33794pt too wide) has occurred while \output is active
 [] 
 []

[178] (./anexos/puds/S00-ACE-PUD-Libras.tex
File: figuras/pud_logo_ifce.jpg Graphic file (type jpg)
<use figuras/pud_logo_ifce.jpg>
Package pdftex.def Info: figuras/pud_logo_ifce.jpg  used on input line 80.
(pdftex.def)             Requested size: 143.77414pt x 56.9055pt.

Overfull \hbox (2.33794pt too wide) has occurred while \output is active
 [] 
 []

[179]
Overfull \hbox (3.68333pt too wide) in paragraph at lines 80--80
[]|\T1/cmr/m/n/10 1 --
 []


Overfull \hbox (3.68333pt too wide) in paragraph at lines 80--80
[]|\T1/cmr/m/n/10 2 --
 []


Overfull \hbox (3.68333pt too wide) in paragraph at lines 80--80
[]|\T1/cmr/m/n/10 3 --
 []


Overfull \hbox (3.68333pt too wide) in paragraph at lines 80--80
[]|\T1/cmr/m/n/10 1 --
 []


Overfull \hbox (3.68333pt too wide) in paragraph at lines 80--80
[]|\T1/cmr/m/n/10 2 --
 []


Overfull \hbox (3.68333pt too wide) in paragraph at lines 80--80
[]|\T1/cmr/m/n/10 3 --
 []


Overfull \hbox (3.68333pt too wide) in paragraph at lines 80--80
[]|\T1/cmr/m/n/10 4 --
 []


Overfull \hbox (3.68333pt too wide) in paragraph at lines 80--80
[]|\T1/cmr/m/n/10 5 --
 []

)
File: figuras/pud_logo_ifce.jpg Graphic file (type jpg)
<use figuras/pud_logo_ifce.jpg>
Package pdftex.def Info: figuras/pud_logo_ifce.jpg  used on input line 109.
(pdftex.def)             Requested size: 143.77414pt x 56.9055pt.

Overfull \hbox (2.33794pt too wide) has occurred while \output is active
 [] 
 []

[180] (./anexos/puds/S00-ECA-PUD-ManufaturaIntegradaporComputadorCIM.tex
Overfull \hbox (3.68333pt too wide) in paragraph at lines 80--80
[]|\T1/cmr/m/n/10 1 --
 []


Overfull \hbox (3.68333pt too wide) in paragraph at lines 80--80
[]|\T1/cmr/m/n/10 2 --
 []


Overfull \hbox (3.68333pt too wide) in paragraph at lines 80--80
[]|\T1/cmr/m/n/10 3 --
 []

File: figuras/pud_logo_ifce.jpg Graphic file (type jpg)
<use figuras/pud_logo_ifce.jpg>
Package pdftex.def Info: figuras/pud_logo_ifce.jpg  used on input line 80.
(pdftex.def)             Requested size: 143.77414pt x 56.9055pt.

Overfull \hbox (2.33794pt too wide) has occurred while \output is active
 [] 
 []

[181]
Overfull \hbox (3.68333pt too wide) in paragraph at lines 80--80
[]|\T1/cmr/m/n/10 1 --
 []


Overfull \hbox (3.68333pt too wide) in paragraph at lines 80--80
[]|\T1/cmr/m/n/10 2 --
 []


Overfull \hbox (3.68333pt too wide) in paragraph at lines 80--80
[]|\T1/cmr/m/n/10 3 --
 []


Overfull \hbox (3.68333pt too wide) in paragraph at lines 80--80
[]|\T1/cmr/m/n/10 4 --
 []


Overfull \hbox (3.68333pt too wide) in paragraph at lines 80--80
[]|\T1/cmr/m/n/10 5 --
 []

)
File: figuras/pud_logo_ifce.jpg Graphic file (type jpg)
<use figuras/pud_logo_ifce.jpg>
Package pdftex.def Info: figuras/pud_logo_ifce.jpg  used on input line 111.
(pdftex.def)             Requested size: 143.77414pt x 56.9055pt.

Overfull \hbox (2.33794pt too wide) has occurred while \output is active
 [] 
 []

[182] (./anexos/puds/S00-ECA-PUD-ProcessamentoDigitaldeImagensPDI.tex
File: figuras/pud_logo_ifce.jpg Graphic file (type jpg)
<use figuras/pud_logo_ifce.jpg>
Package pdftex.def Info: figuras/pud_logo_ifce.jpg  used on input line 92.
(pdftex.def)             Requested size: 143.77414pt x 56.9055pt.

Overfull \hbox (2.33794pt too wide) has occurred while \output is active
 [] 
 []

[183]
Overfull \hbox (3.68333pt too wide) in paragraph at lines 92--92
[]|\T1/cmr/m/n/10 1 --
 []


Overfull \hbox (3.68333pt too wide) in paragraph at lines 92--92
[]|\T1/cmr/m/n/10 2 --
 []


Overfull \hbox (3.68333pt too wide) in paragraph at lines 92--92
[]|\T1/cmr/m/n/10 3 --
 []


Overfull \hbox (3.68333pt too wide) in paragraph at lines 92--92
[]|\T1/cmr/m/n/10 1 --
 []


Overfull \hbox (3.68333pt too wide) in paragraph at lines 92--92
[]|\T1/cmr/m/n/10 2 --
 []


Overfull \hbox (3.68333pt too wide) in paragraph at lines 92--92
[]|\T1/cmr/m/n/10 3 --
 []


Overfull \hbox (3.68333pt too wide) in paragraph at lines 92--92
[]|\T1/cmr/m/n/10 4 --
 []


Overfull \hbox (3.68333pt too wide) in paragraph at lines 92--92
[]|\T1/cmr/m/n/10 5 --
 []

)
File: figuras/pud_logo_ifce.jpg Graphic file (type jpg)
<use figuras/pud_logo_ifce.jpg>
Package pdftex.def Info: figuras/pud_logo_ifce.jpg  used on input line 113.
(pdftex.def)             Requested size: 143.77414pt x 56.9055pt.

Overfull \hbox (2.33794pt too wide) has occurred while \output is active
 [] 
 []

[184] (./anexos/puds/S00-ECA-PUD-RoboticaIIIndustrial.tex
File: figuras/pud_logo_ifce.jpg Graphic file (type jpg)
<use figuras/pud_logo_ifce.jpg>
Package pdftex.def Info: figuras/pud_logo_ifce.jpg  used on input line 110.
(pdftex.def)             Requested size: 143.77414pt x 56.9055pt.

Overfull \hbox (2.33794pt too wide) has occurred while \output is active
 [] 
 []

[185]
Overfull \hbox (3.68333pt too wide) in paragraph at lines 110--110
[]|\T1/cmr/m/n/10 1 --
 []


Overfull \hbox (3.68333pt too wide) in paragraph at lines 110--110
[]|\T1/cmr/m/n/10 2 --
 []


Overfull \hbox (3.68333pt too wide) in paragraph at lines 110--110
[]|\T1/cmr/m/n/10 3 --
 []


Overfull \hbox (3.68333pt too wide) in paragraph at lines 110--110
[]|\T1/cmr/m/n/10 1 --
 []


Overfull \hbox (3.68333pt too wide) in paragraph at lines 110--110
[]|\T1/cmr/m/n/10 2 --
 []


Overfull \hbox (3.68333pt too wide) in paragraph at lines 110--110
[]|\T1/cmr/m/n/10 3 --
 []


Overfull \hbox (3.68333pt too wide) in paragraph at lines 110--110
[]|\T1/cmr/m/n/10 4 --
 []


Overfull \hbox (3.68333pt too wide) in paragraph at lines 110--110
[]|\T1/cmr/m/n/10 5 --
 []

)
File: figuras/pud_logo_ifce.jpg Graphic file (type jpg)
<use figuras/pud_logo_ifce.jpg>
Package pdftex.def Info: figuras/pud_logo_ifce.jpg  used on input line 115.
(pdftex.def)             Requested size: 143.77414pt x 56.9055pt.

Overfull \hbox (2.33794pt too wide) has occurred while \output is active
 [] 
 []

[186] (./anexos/puds/S00-ECA-PUD-SistemasEmbarcados.tex
File: figuras/pud_logo_ifce.jpg Graphic file (type jpg)
<use figuras/pud_logo_ifce.jpg>
Package pdftex.def Info: figuras/pud_logo_ifce.jpg  used on input line 105.
(pdftex.def)             Requested size: 143.77414pt x 56.9055pt.

Overfull \hbox (2.33794pt too wide) has occurred while \output is active
 [] 
 []

[187]
Overfull \hbox (3.68333pt too wide) in paragraph at lines 105--105
[]|\T1/cmr/m/n/10 1 --
 []


Overfull \hbox (3.68333pt too wide) in paragraph at lines 105--105
[]|\T1/cmr/m/n/10 2 --
 []


Overfull \hbox (3.68333pt too wide) in paragraph at lines 105--105
[]|\T1/cmr/m/n/10 3 --
 []


Overfull \hbox (3.68333pt too wide) in paragraph at lines 105--105
[]|\T1/cmr/m/n/10 1 --
 []


Overfull \hbox (3.68333pt too wide) in paragraph at lines 105--105
[]|\T1/cmr/m/n/10 2 --
 []


Overfull \hbox (3.68333pt too wide) in paragraph at lines 105--105
[]|\T1/cmr/m/n/10 3 --
 []


Overfull \hbox (3.68333pt too wide) in paragraph at lines 105--105
[]|\T1/cmr/m/n/10 4 --
 []


Overfull \hbox (3.68333pt too wide) in paragraph at lines 105--105
[]|\T1/cmr/m/n/10 5 --
 []

)
File: figuras/pud_logo_ifce.jpg Graphic file (type jpg)
<use figuras/pud_logo_ifce.jpg>
Package pdftex.def Info: figuras/pud_logo_ifce.jpg  used on input line 117.
(pdftex.def)             Requested size: 143.77414pt x 56.9055pt.

Overfull \hbox (2.33794pt too wide) has occurred while \output is active
 [] 
 []

[188] (./anexos/puds/S00-ECA-PUD-IdentificacaodeSistemas.tex
File: figuras/pud_logo_ifce.jpg Graphic file (type jpg)
<use figuras/pud_logo_ifce.jpg>
Package pdftex.def Info: figuras/pud_logo_ifce.jpg  used on input line 112.
(pdftex.def)             Requested size: 143.77414pt x 56.9055pt.

Overfull \hbox (2.33794pt too wide) has occurred while \output is active
 [] 
 []

[189]
Overfull \hbox (3.68333pt too wide) in paragraph at lines 112--112
[]|\T1/cmr/m/n/10 1 --
 []


Overfull \hbox (3.68333pt too wide) in paragraph at lines 112--112
[]|\T1/cmr/m/n/10 2 --
 []


Overfull \hbox (3.68333pt too wide) in paragraph at lines 112--112
[]|\T1/cmr/m/n/10 3 --
 []


Overfull \hbox (3.68333pt too wide) in paragraph at lines 112--112
[]|\T1/cmr/m/n/10 1 --
 []


Overfull \hbox (3.68333pt too wide) in paragraph at lines 112--112
[]|\T1/cmr/m/n/10 2 --
 []


Overfull \hbox (3.68333pt too wide) in paragraph at lines 112--112
[]|\T1/cmr/m/n/10 3 --
 []


Overfull \hbox (3.68333pt too wide) in paragraph at lines 112--112
[]|\T1/cmr/m/n/10 4 --
 []


Overfull \hbox (3.68333pt too wide) in paragraph at lines 112--112
[]|\T1/cmr/m/n/10 5 --
 []

)
File: figuras/pud_logo_ifce.jpg Graphic file (type jpg)
<use figuras/pud_logo_ifce.jpg>
Package pdftex.def Info: figuras/pud_logo_ifce.jpg  used on input line 119.
(pdftex.def)             Requested size: 143.77414pt x 56.9055pt.

Overfull \hbox (2.33794pt too wide) has occurred while \output is active
 [] 
 []

[190] (./anexos/puds/S00-ECA-PUD-ModelagemdeSistemasaEventosDiscretos.tex
File: figuras/pud_logo_ifce.jpg Graphic file (type jpg)
<use figuras/pud_logo_ifce.jpg>
Package pdftex.def Info: figuras/pud_logo_ifce.jpg  used on input line 78.
(pdftex.def)             Requested size: 143.77414pt x 56.9055pt.

Overfull \hbox (2.33794pt too wide) has occurred while \output is active
 [] 
 []

[191]
Overfull \hbox (3.68333pt too wide) in paragraph at lines 78--78
[]|\T1/cmr/m/n/10 1 --
 []


Overfull \hbox (3.68333pt too wide) in paragraph at lines 78--78
[]|\T1/cmr/m/n/10 2 --
 []


Overfull \hbox (3.68333pt too wide) in paragraph at lines 78--78
[]|\T1/cmr/m/n/10 3 --
 []


Overfull \hbox (3.68333pt too wide) in paragraph at lines 78--78
[]|\T1/cmr/m/n/10 1 --
 []


Overfull \hbox (3.68333pt too wide) in paragraph at lines 78--78
[]|\T1/cmr/m/n/10 2 --
 []


Overfull \hbox (3.68333pt too wide) in paragraph at lines 78--78
[]|\T1/cmr/m/n/10 3 --
 []


Overfull \hbox (3.68333pt too wide) in paragraph at lines 78--78
[]|\T1/cmr/m/n/10 4 --
 []


Overfull \hbox (3.68333pt too wide) in paragraph at lines 78--78
[]|\T1/cmr/m/n/10 5 --
 []

)
File: figuras/pud_logo_ifce.jpg Graphic file (type jpg)
<use figuras/pud_logo_ifce.jpg>
Package pdftex.def Info: figuras/pud_logo_ifce.jpg  used on input line 121.
(pdftex.def)             Requested size: 143.77414pt x 56.9055pt.

Overfull \hbox (2.33794pt too wide) has occurred while \output is active
 [] 
 []

[192] (./anexos/puds/S00-ECA-PUD-ControleIII.tex
Overfull \hbox (3.68333pt too wide) in paragraph at lines 96--96
[]|\T1/cmr/m/n/10 1 --
 []


Overfull \hbox (3.68333pt too wide) in paragraph at lines 96--96
[]|\T1/cmr/m/n/10 2 --
 []


Overfull \hbox (3.68333pt too wide) in paragraph at lines 96--96
[]|\T1/cmr/m/n/10 3 --
 []

File: figuras/pud_logo_ifce.jpg Graphic file (type jpg)
<use figuras/pud_logo_ifce.jpg>
Package pdftex.def Info: figuras/pud_logo_ifce.jpg  used on input line 96.
(pdftex.def)             Requested size: 143.77414pt x 56.9055pt.

Overfull \hbox (2.33794pt too wide) has occurred while \output is active
 [] 
 []

[193]
Overfull \hbox (3.68333pt too wide) in paragraph at lines 96--96
[]|\T1/cmr/m/n/10 1 --
 []


Overfull \hbox (3.68333pt too wide) in paragraph at lines 96--96
[]|\T1/cmr/m/n/10 2 --
 []


Overfull \hbox (3.68333pt too wide) in paragraph at lines 96--96
[]|\T1/cmr/m/n/10 3 --
 []


Overfull \hbox (3.68333pt too wide) in paragraph at lines 96--96
[]|\T1/cmr/m/n/10 4 --
 []


Overfull \hbox (3.68333pt too wide) in paragraph at lines 96--96
[]|\T1/cmr/m/n/10 5 --
 []

)
File: figuras/pud_logo_ifce.jpg Graphic file (type jpg)
<use figuras/pud_logo_ifce.jpg>
Package pdftex.def Info: figuras/pud_logo_ifce.jpg  used on input line 125.
(pdftex.def)             Requested size: 143.77414pt x 56.9055pt.

Overfull \hbox (2.33794pt too wide) has occurred while \output is active
 [] 
 []

[194] (./anexos/puds/S00-EME-PUD-EquacoesDiferenciaisOrdinarias.tex
File: figuras/pud_logo_ifce.jpg Graphic file (type jpg)
<use figuras/pud_logo_ifce.jpg>
Package pdftex.def Info: figuras/pud_logo_ifce.jpg  used on input line 81.
(pdftex.def)             Requested size: 143.77414pt x 56.9055pt.

Overfull \hbox (2.33794pt too wide) has occurred while \output is active
 [] 
 []

[195]
Overfull \hbox (3.68333pt too wide) in paragraph at lines 81--81
[]|\T1/cmr/m/n/10 1 --
 []


Overfull \hbox (3.68333pt too wide) in paragraph at lines 81--81
[]|\T1/cmr/m/n/10 2 --
 []


Overfull \hbox (3.68333pt too wide) in paragraph at lines 81--81
[]|\T1/cmr/m/n/10 3 --
 []


Overfull \hbox (3.68333pt too wide) in paragraph at lines 81--81
[]|\T1/cmr/m/n/10 1 --
 []


Overfull \hbox (3.68333pt too wide) in paragraph at lines 81--81
[]|\T1/cmr/m/n/10 2 --
 []


Overfull \hbox (3.68333pt too wide) in paragraph at lines 81--81
[]|\T1/cmr/m/n/10 3 --
 []


Overfull \hbox (3.68333pt too wide) in paragraph at lines 81--81
[]|\T1/cmr/m/n/10 4 --
 []


Overfull \hbox (3.68333pt too wide) in paragraph at lines 81--81
[]|\T1/cmr/m/n/10 5 --
 []

)
File: figuras/pud_logo_ifce.jpg Graphic file (type jpg)
<use figuras/pud_logo_ifce.jpg>
Package pdftex.def Info: figuras/pud_logo_ifce.jpg  used on input line 127.
(pdftex.def)             Requested size: 143.77414pt x 56.9055pt.

Overfull \hbox (2.33794pt too wide) has occurred while \output is active
 [] 
 []

[196] (./anexos/puds/S00-EME-PUD-InteligenciaComputacionalAplicada.tex
Overfull \hbox (3.68333pt too wide) in paragraph at lines 108--108
[]|\T1/cmr/m/n/10 1 --
 []


Overfull \hbox (3.68333pt too wide) in paragraph at lines 108--108
[]|\T1/cmr/m/n/10 2 --
 []


Overfull \hbox (3.68333pt too wide) in paragraph at lines 108--108
[]|\T1/cmr/m/n/10 3 --
 []

File: figuras/pud_logo_ifce.jpg Graphic file (type jpg)
<use figuras/pud_logo_ifce.jpg>
Package pdftex.def Info: figuras/pud_logo_ifce.jpg  used on input line 108.
(pdftex.def)             Requested size: 143.77414pt x 56.9055pt.

Overfull \hbox (2.33794pt too wide) has occurred while \output is active
 [] 
 []

[197]
Overfull \hbox (3.68333pt too wide) in paragraph at lines 108--108
[]|\T1/cmr/m/n/10 1 --
 []


Overfull \hbox (3.68333pt too wide) in paragraph at lines 108--108
[]|\T1/cmr/m/n/10 2 --
 []


Overfull \hbox (3.68333pt too wide) in paragraph at lines 108--108
[]|\T1/cmr/m/n/10 3 --
 []


Overfull \hbox (3.68333pt too wide) in paragraph at lines 108--108
[]|\T1/cmr/m/n/10 4 --
 []


Overfull \hbox (3.68333pt too wide) in paragraph at lines 108--108
[]|\T1/cmr/m/n/10 5 --
 []

)
File: figuras/pud_logo_ifce.jpg Graphic file (type jpg)
<use figuras/pud_logo_ifce.jpg>
Package pdftex.def Info: figuras/pud_logo_ifce.jpg  used on input line 129.
(pdftex.def)             Requested size: 143.77414pt x 56.9055pt.

Overfull \hbox (2.33794pt too wide) has occurred while \output is active
 [] 
 []

[198] (./anexos/puds/S00-ACE-PUD-Educacaofisica.tex
File: figuras/pud_logo_ifce.jpg Graphic file (type jpg)
<use figuras/pud_logo_ifce.jpg>
Package pdftex.def Info: figuras/pud_logo_ifce.jpg  used on input line 72.
(pdftex.def)             Requested size: 143.77414pt x 56.9055pt.

Overfull \hbox (2.33794pt too wide) has occurred while \output is active
 [] 
 []

[199]
Overfull \hbox (3.68333pt too wide) in paragraph at lines 72--72
[]|\T1/cmr/m/n/10 1 --
 []


Overfull \hbox (3.68333pt too wide) in paragraph at lines 72--72
[]|\T1/cmr/m/n/10 2 --
 []


Overfull \hbox (3.68333pt too wide) in paragraph at lines 72--72
[]|\T1/cmr/m/n/10 3 --
 []


Overfull \hbox (3.68333pt too wide) in paragraph at lines 72--72
[]|\T1/cmr/m/n/10 1 --
 []


Overfull \hbox (3.68333pt too wide) in paragraph at lines 72--72
[]|\T1/cmr/m/n/10 2 --
 []


Overfull \hbox (3.68333pt too wide) in paragraph at lines 72--72
[]|\T1/cmr/m/n/10 3 --
 []


Overfull \hbox (3.68333pt too wide) in paragraph at lines 72--72
[]|\T1/cmr/m/n/10 4 --
 []

)
File: figuras/pud_logo_ifce.jpg Graphic file (type jpg)
<use figuras/pud_logo_ifce.jpg>
Package pdftex.def Info: figuras/pud_logo_ifce.jpg  used on input line 131.
(pdftex.def)             Requested size: 143.77414pt x 56.9055pt.

Overfull \hbox (2.33794pt too wide) has occurred while \output is active
 [] 
 []

[200] (./anexos/puds/S07-EME-PUD-MecanicadosFluidos.tex
File: figuras/pud_logo_ifce.jpg Graphic file (type jpg)
<use figuras/pud_logo_ifce.jpg>
Package pdftex.def Info: figuras/pud_logo_ifce.jpg  used on input line 109.
(pdftex.def)             Requested size: 143.77414pt x 56.9055pt.

Overfull \hbox (2.33794pt too wide) has occurred while \output is active
 [] 
 []

[201]
Overfull \hbox (3.68333pt too wide) in paragraph at lines 109--109
[]|\T1/cmr/m/n/10 1 --
 []


Overfull \hbox (3.68333pt too wide) in paragraph at lines 109--109
[]|\T1/cmr/m/n/10 2 --
 []


Overfull \hbox (3.68333pt too wide) in paragraph at lines 109--109
[]|\T1/cmr/m/n/10 3 --
 []


Overfull \hbox (3.68333pt too wide) in paragraph at lines 109--109
[]|\T1/cmr/m/n/10 1 --
 []


Overfull \hbox (3.68333pt too wide) in paragraph at lines 109--109
[]|\T1/cmr/m/n/10 2 --
 []


Overfull \hbox (3.68333pt too wide) in paragraph at lines 109--109
[]|\T1/cmr/m/n/10 3 --
 []


Overfull \hbox (3.68333pt too wide) in paragraph at lines 109--109
[]|\T1/cmr/m/n/10 4 --
 []


Overfull \hbox (3.68333pt too wide) in paragraph at lines 109--109
[]|\T1/cmr/m/n/10 5 --
 []

File: figuras/pud_logo_ifce.jpg Graphic file (type jpg)
<use figuras/pud_logo_ifce.jpg>
Package pdftex.def Info: figuras/pud_logo_ifce.jpg  used on input line 109.
(pdftex.def)             Requested size: 143.77414pt x 56.9055pt.

Overfull \hbox (2.33794pt too wide) has occurred while \output is active
 [] 
 []

[202]))
File: figuras/pud_logo_ifce.jpg Graphic file (type jpg)
<use figuras/pud_logo_ifce.jpg>
Package pdftex.def Info: figuras/pud_logo_ifce.jpg  used on input line 76.
(pdftex.def)             Requested size: 143.77414pt x 56.9055pt.

Overfull \hbox (2.33794pt too wide) has occurred while \output is active
 [] 
 []

[203] (./PCC_ECA_2026.aux (./1-pre-textuais/CapaECA.aux))

LaTeX Warning: There were undefined references.


LaTeX Warning: There were multiply-defined labels.

Package rerunfilecheck Info: File `PCC_ECA_2026.out' has not changed.
(rerunfilecheck)             Checksum: 9BB0AC522006D07A9A31C31DD1D240D7;12554.
 ) 
Here is how much of TeX's memory you used:
 33262 strings out of 476041
 601918 string characters out of 5793174
 1931388 words of memory out of 6000000
 51343 multiletter control sequences out of 15000+600000
 539828 words of font info for 95 fonts, out of 8000000 for 9000
 1137 hyphenation exceptions out of 8191
 99i,25n,131p,1574b,939s stack positions out of 10000i,1000n,20000p,200000b,200000s
</usr/share/texlive/texmf-dist/fonts/type1/public/amsfonts/cm/cmmi5.pfb></usr
/share/texlive/texmf-dist/fonts/type1/public/amsfonts/cm/cmmi7.pfb></usr/share/
texlive/texmf-dist/fonts/type1/public/amsfonts/cm/cmr5.pfb></usr/share/texlive/
texmf-dist/fonts/type1/public/amsfonts/cm/cmr7.pfb></usr/share/texlive/texmf-di
st/fonts/type1/public/amsfonts/cm/cmsy10.pfb></usr/share/texlive/texmf-dist/fon
ts/type1/public/amsfonts/cm/cmsy7.pfb></usr/share/texlive/texmf-dist/fonts/type
1/public/cm-super/sfbi1000.pfb></usr/share/texlive/texmf-dist/fonts/type1/publi
c/cm-super/sfbx0700.pfb></usr/share/texlive/texmf-dist/fonts/type1/public/cm-su
per/sfbx0900.pfb></usr/share/texlive/texmf-dist/fonts/type1/public/cm-super/sfb
x1000.pfb></usr/share/texlive/texmf-dist/fonts/type1/public/cm-super/sfbx1200.p
fb></usr/share/texlive/texmf-dist/fonts/type1/public/cm-super/sfrm0600.pfb></us
r/share/texlive/texmf-dist/fonts/type1/public/cm-super/sfrm0700.pfb></usr/share
/texlive/texmf-dist/fonts/type1/public/cm-super/sfrm0800.pfb></usr/share/texliv
e/texmf-dist/fonts/type1/public/cm-super/sfrm0900.pfb></usr/share/texlive/texmf
-dist/fonts/type1/public/cm-super/sfrm1000.pfb></usr/share/texlive/texmf-dist/f
onts/type1/public/cm-super/sfss0800.pfb></usr/share/texlive/texmf-dist/fonts/ty
pe1/public/cm-super/sfss1000.pfb></usr/share/texlive/texmf-dist/fonts/type1/pub
lic/cm-super/sfsx0800.pfb></usr/share/texlive/texmf-dist/fonts/type1/public/cm-
super/sfsx1000.pfb></usr/share/texlive/texmf-dist/fonts/type1/public/cm-super/s
fsx1200.pfb></usr/share/texlive/texmf-dist/fonts/type1/public/cm-super/sfti0700
.pfb></usr/share/texlive/texmf-dist/fonts/type1/public/cm-super/sfti0800.pfb></
usr/share/texlive/texmf-dist/fonts/type1/public/cm-super/sfti1000.pfb></usr/sha
re/texlive/texmf-dist/fonts/type1/public/cm-super/sftt1000.pfb>
Output written on PCC_ECA_2026.pdf (203 pages, 11098588 bytes).
PDF statistics:
 3798 PDF objects out of 4296 (max. 8388607)
 3402 compressed objects within 35 object streams
 1460 named destinations out of 1728 (max. 500000)
 657 words of extra memory for PDF output out of 10000 (max. 10000000)

